ID_OBRA,PROYECTO,TRAMO,PK_INICIAL,PK_FINAL,ESTADO,MUNICIPIO,LOCALIDAD,LAT_INI,LON_INI,LAT_FIN,LON_FIN,ENTE_RESPONSABLE,TIPO_ACTIVO,TIPO_OBRA,DESCRIPCION,MONTO_MDP,CRITICIDAD,RIESGO,RESPONSABLE,FECHA,OBSERVACIONES,UTM_INI_ESTE,UTM_INI_NORTE,UTM_FIN_ESTE,UTM_FIN_NORTE,ZONA_UTM,OBS_COORDENADAS,ESTATUS
QI-T02-CMEM-00-V03-CTL-OI__TLS-0001-A00,Telecomunicaciones,Tramo II,36+400,40+800,Guanajuato,Apaseo el Grande,Apaseo el Grande,20.537385,-100.741711,20.534441,-100.784158,Telmex,Telecomunicaciones,Reubicacion por definir con operador.,Interferencia detectada entre linea de fibra optica de Telmex y trazo ferroviario,"Por definir, sujeto a ingenieria y autorizacion del operador.",NO,MEDIO,Ing. Luis Hernandez,20/02/2026,"Se reunen SE, Telmex, MEM, para identificacion de su Infraestructura y analisis tecnico del operador ",318412.95,2271918.62,313982.88,2271640.49,14,,GESTIÓN / EJECUCIÓN
QI-T02-CMEM-00-V03-CTL-OI__EMT-0001-A00,Media Tension,Tramo II,36+550,36+550,Guanajuato,Apaseo el Grande,Apaseo el Grande,20.537307,-100.743288,20.537307,-100.743288,CFE,Linea electrica Media Tension,Proteccion / reubicacion por definir con CFE.,Interferencia detectada entre linea de media tension existente y el trazo ferroviario.,"Por definir, sujeto a ingenieria y autorizacion del operador.",SI,MEDIO,Ing. Luis Hernandez,02/03/2026,"Se entrega oficio a CFE, solicitud obra por terceros, para revision tecnica de la interferencia",318248.4,2271911.74,318248.4,2271911.74,14,,GESTIÓN / EJECUCIÓN
QI-T02-CMEM-00-V03-CTL-OI__TLS-0002-A00,Telecomunicaciones,Tramo II,38+000,43+400,Guanajuato,Apaseo el Grande,Apaseo el Grande,20.536321,-100.757121,20.532786,-100.80878,Bestel,Telecomunicaciones,Reubicacion por definir con operador.,Interferencia detectada entre linea de fibra optica de Bestel y trazo ferroviario,"Por definir, sujeto a ingenieria y autorizacion del operador.",NO,BAJO,Ing. Luis Hernandez,03/02/2026,"Se reunen SE, Bestel y MEM, para identificacion de su Infraestructura",316804.69,2271818.04,311413.11,2271485.52,14,,GESTIÓN / EJECUCIÓN
QI-T02-CMEM-00-V03-CTL-OI__SVD-0001-A00,Servicios municipales,Tramo II,39+696,39+696,Guanajuato,Apaseo el Grande,Apaseo el Grande,20.535005,-100.777211,20.535005,-100.777211,Municipio,Servicios municipales,Reubicacion por definir con operador.,Interferencia detectada entre Camara de videovigilancia existente y el trazo ferroviario.,"Por definir, sujeto a ingenieria y autorizacion del operador.",NO,BAJO,Ing. Luis Hernandez,,,314708.03,2271695.03,314708.03,2271695.03,14,,GESTIÓN / EJECUCIÓN
QI-T02-CMEM-00-V03-CTL-OI__GAS-0001-A00,Gasoducto,Tramo II,39+700,39+700,Guanajuato,Apaseo el Grande,Apaseo el Grande,20.535246,-100.773409,20.535246,-100.773409,BIOTEK,Gasoducto,Proteccion por definir con BIOTEK ,Interferencia detectada entre linea de gasoducto existente y trazo ferroviario,"Por definir, sujeto a ingenieria y autorizacion del operador.",NO,MEDIO,Ing. Luis Hernandez,18/02/2026,Se realiza reunion para autorizacion y programacion de cala de exploracion en gasoducto para la revision tecnica,315104.82,2271717.4,315104.82,2271717.4,14,,GESTIÓN / EJECUCIÓN
QI-T02-CMEM-00-V03-CTL-OI__STC-0001-A00,Servicios privados,Tramo II,40+090,40+090,Guanajuato,Celaya,Celaya,20.535005,-100.777211,20.535005,-100.777211,Ferromex,Servicios privados,Reubicacion por definir con Ferromex,Interferencia detectada entre Senalizacion ferroviario existente y el trazo ferroviario.,"Por definir, sujeto a ingenieria y autorizacion del operador.",NO,BAJO,Ing. Luis Hernandez,05/02/2026,"Se realiza recorrido Ferromex, SE, MEM para identificacion de interferencia",314708.03,2271695.03,314708.03,2271695.03,14,,GESTIÓN / EJECUCIÓN
QI-T02-CMEM-00-V03-CTL-OI__RDR-0001-A00,Drenaje,Tramo II,40+095,40+095,Guanajuato,Celaya,Celaya,20.534944,-100.777453,20.534944,-100.777453,Municipio,Drenaje,Proteccion / reubicacion por definir con operador,Interferencia detectada entre linea de dreaje existente y trazo ferroviario,"Por definir, sujeto a ingenieria y autorizacion del operador.",NO,BAJO,Ing. Luis Hernandez,13/02/2026,"Se realiza recorrido para identificacion de su infraestructura, en proceso calas para revision tecnica",314682.72,2271688.55,314682.72,2271688.55,14,,GESTIÓN / EJECUCIÓN
QI-T02-CMEM-00-V03-CTL-OI__STC-0002-A00,Servicios privados,Tramo II,40+100,40+100,Guanajuato,Celaya,Celaya,20.534962,-100.777602,20.534962,-100.777602,Ferromex,Servicios privados,Reubicacion por definir con Ferromex,Interferencia detectada entre Senalizacion ferroviario existente y el trazo ferroviario.,"Por definir, sujeto a ingenieria y autorizacion del operador.",NO,BAJO,Ing. Luis Hernandez,05/02/2026,"Se realiza recorrido Ferromex, SE, MEM para identificacion de interferencia",314667.21,2271690.71,314667.21,2271690.71,14,,GESTIÓN / EJECUCIÓN
QI-T02-CMEM-00-V03-CTL-OI__EMT-0002-A00,Media Tension,Tramo II,40+100,40+100,Guanajuato,Celaya,Celaya,20.535005,-100.777214,20.535005,-100.777214,CFE,Linea electrica Media Tension,Proteccion / reubicacion por definir con CFE.,Interferencia detectada entre linea de media tension existente y el trazo ferroviario.,"Por definir, sujeto a ingenieria y autorizacion del operador.",NO,BAJO,Ing. Luis Hernandez,02/03/2026,"Se entrega oficio a CFE, solicitud obra por terceros, para revision tecnica de la interferencia",314707.72,2271695.03,314707.72,2271695.03,14,,GESTIÓN / EJECUCIÓN
QI-T02-CMEM-00-V03-CTL-OI__TLA-0003-A00,Telecomunicaciones,Tramo II,40+100,40+100,Guanajuato,Celaya,Celaya,20.534938,-100.777573,20.534938,-100.777573,Telmex,Telecomunicaciones,Reubicacion por definir con operador.,Interferencia detectada entre linea de fibra optica de Telmex y trazo ferroviario,"Por definir, sujeto a ingenieria y autorizacion del operador.",NO,BAJO,Ing. Luis Hernandez,20/02/2026,"Se reunen SE, Telmex, MEM, para identificacion de su Infraestructura",314670.2,2271688.02,314670.2,2271688.02,14,,GESTIÓN / EJECUCIÓN
QI-T02-CMEM-00-V03-CTL-OI__RDR-0002-A00,Drenaje,Tramo II,40+108,40+108,Guanajuato,Celaya,Celaya,20.534951,-100.777349,20.534951,-100.777349,Municipio,Drenaje,Proteccion / reubicacion por definir con operador,Interferencia detectada entre linea de dreaje existente y trazo ferroviario,"Por definir, sujeto a ingenieria y autorizacion del operador.",NO,BAJO,Ing. Luis Hernandez,13/02/2026,"Se realiza recorrido para identificacion de su infraestructura, en proceso calas para revision tecnica",314693.58,2271689.21,314693.58,2271689.21,14,,GESTIÓN / EJECUCIÓN
QI-T02-CMEM-00-V03-CTL-OI__RAP-0001-A00,Agua Potable,Tramo II,40+111,40+111,Guanajuato,Celaya,Celaya,20.534954,-100.77743,20.534954,-100.77743,Municipio,Agua Potable,Proteccion / reubicacion por definir con JUMAPA,Interferencia detectada entre trazo ferroviario y linea de agua potable,"Por definir, sujeto a ingenieria y autorizacion del operador.",NO,BAJO,Ing. Luis Hernandez,13/02/2026,"Se realiza recorrido para identificacion de su infraestructura, en proceso calas para revision tecnica",314685.13,2271689.63,314685.13,2271689.63,14,,GESTIÓN / EJECUCIÓN
QI-T02-CMEM-00-V03-CTL-OI__EAT-0001-A00,Alta Tension,Tramo II,40+120,40+120,Guanajuato,Celaya,Celaya,20.535009,-100.777287,20.535009,-100.777287,CFE,Linea electrica Alta Tension,Proteccion / reubicacion por definir con CFE.,Interferencia detectada entre linea de alta tension existente y el trazo ferroviario.,"Por definir, sujeto a ingenieria y autorizacion del operador.",NO,BAJO,Ing. Luis Hernandez,25/02/2026,Se entrega oficio a CFE para revision tecnica de la interferencia.,314700.11,2271695.56,314700.11,2271695.56,14,,GESTIÓN / EJECUCIÓN
QI-T02-CMEM-00-V03-CTL-OI__EMT-0003-A00,Media Tension,Tramo II,40+140,40+140,Guanajuato,Celaya,Celaya,20.534938,-100.777573,20.534938,-100.777573,CFE,Linea electrica Media Tension,Proteccion / reubicacion por definir con CFE.,Interferencia detectada entre linea de media tension existente y el trazo ferroviario.,"Por definir, sujeto a ingenieria y autorizacion del operador.",NO,BAJO,Ing. Luis Hernandez,02/03/2026,"Se entrega oficio a CFE, solicitud obra por terceros, para revision tecnica de la interferencia",314670.2,2271688.02,314670.2,2271688.02,14,,GESTIÓN / EJECUCIÓN
QI-T02-CMEM-00-V03-CTL-OI__TLA-0004-A00,Telecomunicaciones,Tramo II,40+200,40+200,Guanajuato,Celaya,Celaya,20.534921,-100.778186,20.534921,-100.778186,Telecom,Telecomunicaciones,Reubicacion por definir con operador.,Interferencia detectada entre linea de fibra optica de Telecom y trazo ferroviario,"Por definir, sujeto a ingenieria y autorizacion del operador.",NO,BAJO,Ing. Luis Hernandez,,,314606.25,2271686.84,314606.25,2271686.84,14,,GESTIÓN / EJECUCIÓN
QI-T02-CMEM-00-V03-CTL-OI__EMT-0004-A00,Media Tension,Tramo II,40+900,40+900,Guanajuato,Celaya,Celaya,20.534444,-100.784778,20.534444,-100.784778,CFE,Linea electrica Media Tension,Proteccion / reubicacion por definir con CFE.,Interferencia detectada entre linea de media tension existente y el trazo ferroviario.,"Por definir, sujeto a ingenieria y autorizacion del operador.",NO,BAJO,Ing. Luis Hernandez,02/03/2026,"Se entrega oficio a CFE, solicitud obra por terceros, para revision tecnica de la interferencia",313918.23,2271641.53,313918.23,2271641.53,14,,GESTIÓN / EJECUCIÓN
QI-T02-CMEM-00-V03-CTL-OI__SVD-0002-A00,Servicios municipales,Tramo II,41+616,41+616,Guanajuato,Celaya,Celaya,20.533977,-100.79178,20.533977,-100.79178,Municipio,Servicios municipales,Reubicacion por definir con operador.,Interferencia detectada entre Camara de videovigilancia existente y el trazo ferroviario.,"Por definir, sujeto a ingenieria y autorizacion del operador.",NO,BAJO,Ing. Luis Hernandez,,,313187.45,2271597.82,313187.45,2271597.82,14,,GESTIÓN / EJECUCIÓN
QI-T02-CMEM-00-V03-CTL-OI__EBT-0001-A00,Baja Tension,Tramo II,41+620,41+620,Guanajuato,Celaya,Celaya,20.533978,-100.791863,20.533978,-100.791863,CFE,Linea electrica Baja Tension,Proteccion / reubicacion por definir con CFE.,Interferencia detectada entre linea de baja tension existente y el trazo ferroviario.,"Por definir, sujeto a ingenieria y autorizacion del operador.",NO,BAJO,Ing. Luis Hernandez,04/02/2026,"SE REALIZA RECORRIDO CFE, SE Y MEM, LA BAJA TENSION SERA ALIMENTADA DE OTRO PUNTO DE CONEXION",313178.79,2271598.03,313178.79,2271598.03,14,,CONCLUIDA
QI-T02-CMEM-00-V03-CTL-OI__EMT-0005-A00,Media Tension,Tramo II,42+240,42+240,Guanajuato,Celaya,Celaya,20.533554,-100.797607,20.533554,-100.797607,CFE,Linea electrica Media Tension,Proteccion / reubicacion por definir con CFE.,Interferencia detectada entre linea de media tension existente y el trazo ferroviario.,"Por definir, sujeto a ingenieria y autorizacion del operador.",NO,BAJO,Ing. Luis Hernandez,02/03/2026,"Se entrega oficio a CFE, solicitud obra por terceros, para revision tecnica de la interferencia",312579.25,2271557.67,312579.25,2271557.67,14,,CONCLUIDA
QI-T02-CMEM-00-V03-CTL-OI__SVD-0003-A00,Servicios municipales,Tramo II,42+300,42+300,Guanajuato,Celaya,Celaya,20.269126,-100.798015,20.269126,-100.798015,Municipio,Servicios municipales,Reubicacion por definir con operador.,Interferencia detectada entre Camara de videovigilancia existente y el trazo ferroviario.,"Por definir, sujeto a ingenieria y autorizacion del operador.",SI,MEDIO,Ing. Luis Hernandez,,,312216.36,2242284.22,312216.36,2242284.22,14,,CONCLUIDA
QI-T02-CMEM-00-V03-CTL-OI__EMT-0006-A00,Media Tension,Tramo II,42+340,42+340,Guanajuato,Celaya,Celaya,20.533482,-100.798654,20.533482,-100.798654,CFE,Linea electrica Media Tension,Proteccion / reubicacion por definir con CFE.,Interferencia detectada entre linea de media tension existente y el trazo ferroviario.,"Por definir, sujeto a ingenieria y autorizacion del operador.",NO,BAJO,Ing. Luis Hernandez,02/03/2026,"Se entrega oficio a CFE, solicitud obra por terceros, para revision tecnica de la interferencia",312469.98,2271550.9,312469.98,2271550.9,14,,CONCLUIDA
QI-T02-CMEM-00-V03-CTL-OI__STC-0003-A00,Servicios privados,Tramo II,42+730,42+730,Guanajuato,Celaya,Celaya,20.533139,-100.802087,20.533139,-100.802087,Ferromex,Servicios privados,Reubicacion por definir con Ferromex,Interferencia detectada entre Senalizacion ferroviario existente y el trazo ferroviario.,"Por definir, sujeto a ingenieria y autorizacion del operador.",NO,BAJO,Ing. Luis Hernandez,05/02/2026,"Se realiza recorrido Ferromex, SE, MEM para identificacion de interferencia",312111.54,2271516.88,312111.54,2271516.88,14,,CONCLUIDA
QI-T02-CMEM-00-V03-CTL-OI__EMT-0007-A00,Media Tension,Tramo II,42+800,42+800,Guanajuato,Celaya,Celaya,20.533153,-100.803068,20.533153,-100.803068,CFE,Linea electrica Media Tension,Proteccion / reubicacion por definir con CFE.,Interferencia detectada entre linea de media tension existente y el trazo ferroviario.,"Por definir, sujeto a ingenieria y autorizacion del operador.",NO,BAJO,Ing. Luis Hernandez,02/03/2026,"Se entrega oficio a CFE, solicitud obra por terceros, para revision tecnica de la interferencia",312009.25,2271519.56,312009.25,2271519.56,14,,CONCLUIDA
QI-T02-CMEM-00-V03-CTL-OI__TLA-0005-A00,Telecomunicaciones,Tramo II,42+800,42+800,Guanajuato,Celaya,Celaya,20.533153,-100.803068,20.533153,-100.803068,Telecom,Telecomunicaciones,Reubicacion por definir con operador.,Interferencia detectada entre linea de fibra optica de Telecom y trazo ferroviario,"Por definir, sujeto a ingenieria y autorizacion del operador.",NO,BAJO,Ing. Luis Hernandez,,,312009.25,2271519.56,312009.25,2271519.56,14,,CONCLUIDA
QI-T02-CMEM-00-V03-CTL-OI__SVD-0004-A00,Servicios municipales,Tramo II,42+910,42+910,Guanajuato,Celaya,Celaya,20.533108,-100.804014,20.533108,-100.804014,Municipio,Servicios municipales,Reubicacion por definir con operador.,Interferencia detectada entre Camara de videovigilancia existente y el trazo ferroviario.,"Por definir, sujeto a ingenieria y autorizacion del operador.",NO,BAJO,Ing. Luis Hernandez,,,311910.54,2271515.67,311910.54,2271515.67,14,,IDENTIFICADA
QI-T02-CMEM-00-V03-CTL-OI__TLA-0006-A00,Telecomunicaciones,Tramo II,43+970,43+970,Guanajuato,Celaya,Celaya,20.532401,-100.814314,20.532401,-100.814314,Telecom,Telecomunicaciones,Reubicacion por definir con operador.,Interferencia detectada entre linea de fibra optica de Telecom y trazo ferroviario,"Por definir, sujeto a ingenieria y autorizacion del operador.",NO,BAJO,Ing. Luis Hernandez,,,310835.5,2271449.3,310835.5,2271449.3,14,,IDENTIFICADA
QI-T02-CMEM-00-V03-CTL-OI__TLS-0007-A00,Telecomunicaciones,Tramo II,44+300,46+200,Guanajuato,Celaya,Celaya,20.532178,-100.817403,20.525491,-100.83151,Bestel,Telecomunicaciones,Reubicacion por definir con operador.,Interferencia detectada entre linea de fibra optica de Bestel y trazo ferroviario,"Por definir, sujeto a ingenieria y autorizacion del operador.",SI,MEDIO,Ing. Luis Hernandez,29/01/2026,"Se reunen SE, Bestel y MEM, para identificacion de su Infraestructura",310513.08,2271428.19,309033.57,2270704.31,14,,IDENTIFICADA
QI-T02-CMEM-00-V03-CTL-OI__TLS-0008-A00,Telecomunicaciones,Tramo II,44+450,44+450,Guanajuato,Celaya,Celaya,20.53204,-100.818983,20.53204,-100.818983,Telmex,Telecomunicaciones,Reubicacion por definir con operador.,Interferencia detectada entre linea de fibra optica de Telmex y trazo ferroviario,"Por definir, sujeto a ingenieria y autorizacion del operador.",SI,MEDIO,Ing. Luis Hernandez,20/02/2026,"Se reunen SE, Telmex, MEM, para identificacion de su Infraestructura",310348.13,2271414.75,310348.13,2271414.75,14,,IDENTIFICADA
QI-T02-CMEM-00-V03-CTL-OI__EMT-0008-A00,Media Tension,Tramo II,44+460,44+460,Guanajuato,Celaya,Celaya,20.53204,-100.818983,20.53204,-100.818983,CFE,Linea electrica Media Tension,Proteccion / reubicacion por definir con CFE.,Interferencia detectada entre linea de media tension existente y el trazo ferroviario.,"Por definir, sujeto a ingenieria y autorizacion del operador.",NO,BAJO,Ing. Luis Hernandez,02/03/2026,"Se entrega oficio a CFE, solicitud obra por terceros, para revision tecnica de la interferencia",310348.13,2271414.75,310348.13,2271414.75,14,,IDENTIFICADA
QI-T02-CMEM-00-V03-CTL-OI__TLA-0009-A00,Telecomunicaciones,Tramo II,44+460,44+460,Guanajuato,Celaya,Celaya,20.53204,-100.818983,20.53204,-100.818983,Telecom,Telecomunicaciones,Reubicacion por definir con operador.,Interferencia detectada entre linea de fibra optica de Telecom y trazo ferroviario,"Por definir, sujeto a ingenieria y autorizacion del operador.",NO,BAJO,Ing. Luis Hernandez,,,310348.13,2271414.75,310348.13,2271414.75,14,,IDENTIFICADA
QI-T02-CMEM-00-V03-CTL-OI__EMT-0009-A00,Media Tension,Tramo II,44+620,44+620,Guanajuato,Celaya,Celaya,20.531966,-100.820482,20.531966,-100.820482,CFE,Linea electrica Media Tension,Proteccion / reubicacion por definir con CFE.,Interferencia detectada entre linea de media tension existente y el trazo ferroviario.,"Por definir, sujeto a ingenieria y autorizacion del operador.",NO,BAJO,Ing. Luis Hernandez,02/03/2026,"Se entrega oficio a CFE, solicitud obra por terceros, para revision tecnica de la interferencia",310191.71,2271408.3,310191.71,2271408.3,14,,IDENTIFICADA
QI-T02-CMEM-00-V03-CTL-OI__TLA-0010-A00,Telecomunicaciones,Tramo II,44+475,44+475,Guanajuato,Celaya,Celaya,20.532064,-100.819034,20.532064,-100.819034,Telmex,Telecomunicaciones,Reubicacion por definir con operador.,Interferencia detectada entre linea de fibra optica de Telmex y trazo ferroviario,"Por definir, sujeto a ingenieria y autorizacion del operador.",NO,BAJO,Ing. Luis Hernandez,20/02/2026,"Se reunen SE, Telmex, MEM, para identificacion de su Infraestructura",310342.84,2271417.46,310342.84,2271417.46,14,,IDENTIFICADA
QI-T02-CMEM-00-V03-CTL-OI__SVD-0005-A00,Servicios municipales,Tramo II,44+860,44+860,Guanajuato,Celaya,Celaya,20.463672,-100.822574,20.463672,-100.822574,Municipio,Servicios municipales,Reubicacion por definir con operador.,Interferencia detectada entre Camara de videovigilancia existente y el trazo ferroviario.,"Por definir, sujeto a ingenieria y autorizacion del operador.",NO,BAJO,Ing. Luis Hernandez,,,309889.29,2263849.98,309889.29,2263849.98,14,,IDENTIFICADA
QI-T02-CMEM-00-V03-CTL-OI__RAP-0002-A00,Agua Potable,Tramo II,45+000,45+000,Guanajuato,Celaya,Celaya,20.531711,-100.823944,20.531711,-100.823944,Municipio,Agua Potable,Proteccion / reubicacion por definir con JUMAPA,Interferencia detectada entre trazo ferroviario y linea de agua potable,"Por definir, sujeto a ingenieria y autorizacion del operador.",NO,BAJO,Ing. Luis Hernandez,13/02/2026,"Se realiza recorrido para identificacion de su infraestructura, en proceso calas para revision tecnica",309830.35,2271384.09,309830.35,2271384.09,14,,IDENTIFICADA
QI-T02-CMEM-00-V03-CTL-OI__TLA-0011-A00,Telecomunicaciones,Tramo II,45+000,45+000,Guanajuato,Celaya,Celaya,20.531718,-100.823947,20.531718,-100.823947,ALESTRA,Telecomunicaciones,Reubicacion por definir con operador.,Interferencia detectada entre linea de fibra optica de Alestra y trazo ferroviario,"Por definir, sujeto a ingenieria y autorizacion del operador.",NO,BAJO,Ing. Luis Hernandez,03/03/2026,"Se reunen SE, Telmex, Axtel y MEM, para identificacion de su Infraestructura",309830.04,2271384.87,309830.04,2271384.87,14,,IDENTIFICADA
QI-T02-CMEM-00-V03-CTL-OI__TLA-0012-A00,Telecomunicaciones,Tramo II,45+510,45+510,Guanajuato,Celaya,Celaya,20.530167,-100.828564,20.530167,-100.828564,Telmex,Telecomunicaciones,Reubicacion por definir con operador.,Interferencia detectada entre linea de fibra optica de Telmex y trazo ferroviario,"Por definir, sujeto a ingenieria y autorizacion del operador.",SI,MEDIO,Ing. Luis Hernandez,20/02/2026,"Se reunen SE, Telmex, MEM, para identificacion de su Infraestructura",309346.61,2271218.55,309346.61,2271218.55,14,,IDENTIFICADA
QI-T02-CMEM-00-V03-CTL-OI__EMT-0010-A00,Media Tension,Tramo II,45+520,45+520,Guanajuato,Celaya,Celaya,20.530167,-100.828564,20.530167,-100.828564,CFE,Linea electrica Media Tension,Proteccion / reubicacion por definir con CFE.,Interferencia detectada entre linea de media tension existente y el trazo ferroviario.,"Por definir, sujeto a ingenieria y autorizacion del operador.",NO,BAJO,Ing. Luis Hernandez,02/03/2026,"Se entrega oficio a CFE, solicitud obra por terceros, para revision tecnica de la interferencia",309346.61,2271218.55,309346.61,2271218.55,14,,IDENTIFICADA
QI-T02-CMEM-00-V03-CTL-OI__ELN-0001-A00,Servicios municipales,Tramo II,45+750,45+750,Guanajuato,Celaya,Celaya,20.426149,-100.829817,20.426149,-100.829817,Municipio,Servicios municipales,Reubicacion,Interferencia detectada entre Alumbrado publico existente y el trazo ferroviario.,"Por definir, sujeto a ingenieria y autorizacion del operador.",NO,BAJO,Ing. Luis Hernandez,,,309087.23,2259704.29,309087.23,2259704.29,14,,IDENTIFICADA
QI-T02-CMEM-00-V03-CTL-OI__EMT-0011-A00,Media Tension,Tramo II,45+770,45+770,Guanajuato,Celaya,Celaya,20.528345,-100.829963,20.528345,-100.829963,CFE,Linea electrica Media Tension,Proteccion / reubicacion por definir con CFE.,Interferencia detectada entre linea de media tension existente y el trazo ferroviario.,"Por definir, sujeto a ingenieria y autorizacion del operador.",NO,BAJO,Ing. Luis Hernandez,04/02/2026,"Se realiza recorrido CFE, SE y MEM, para revision tecnica de la interferencia",309198.45,2271018.47,309198.45,2271018.47,14,,IDENTIFICADA
QI-T02-CMEM-00-V03-CTL-OI__TLS-0013-A00,Telecomunicaciones,Tramo II,46+060,46+060,Guanajuato,Celaya,Celaya,20.526258,-100.831094,20.526258,-100.831094,Telmex,Telecomunicaciones,Reubicacion por definir con operador.,Interferencia detectada entre linea de fibra optica de Telmex y trazo ferroviario,"Por definir, sujeto a ingenieria y autorizacion del operador.",NO,BAJO,Ing. Luis Hernandez,20/02/2026,"Se reunen SE, Telmex, MEM, para identificacion de su Infraestructura",309077.91,2270788.74,309077.91,2270788.74,14,,IDENTIFICADA
QI-T02-CMEM-00-V03-CTL-OI__TLS-0014-A00,Telecomunicaciones,Tramo II,46+060,46+100,Guanajuato,Celaya,Celaya,20.526258,-100.831094,20.525626,-100.831429,Telmex,Telecomunicaciones,Reubicacion por definir con operador.,Interferencia detectada entre linea de fibra optica de Telmex y trazo ferroviario,"Por definir, sujeto a ingenieria y autorizacion del operador.",NO,BAJO,Ing. Luis Hernandez,20/02/2026,"Se reunen SE, Telmex, MEM, para identificacion de su Infraestructura",309077.91,2270788.74,309042.18,2270719.16,14,,IDENTIFICADA
QI-T02-CMEM-00-V03-CTL-OI__RDR-0003-A00,Drenaje,Tramo II,46+110,46+110,Guanajuato,Celaya,Celaya,20.525469,-100.831456,20.525469,-100.831456,Municipio,Drenaje,Proteccion / reubicacion por definir con operador,Interferencia detectada entre linea de dreaje existente y trazo ferroviario,"Por definir, sujeto a ingenieria y autorizacion del operador.",NO,BAJO,Ing. Luis Hernandez,13/02/2026,"Se realiza recorrido para identificacion de su infraestructura, en proceso calas para revision tecnica",309039.17,2270701.81,309039.17,2270701.81,14,,IDENTIFICADA
QI-T02-CMEM-00-V03-CTL-OI__EMT-0012-A00,Media Tension,Tramo II,46+120,46+120,Guanajuato,Celaya,Celaya,20.525476,-100.831493,20.525476,-100.831493,CFE,Linea electrica Media Tension,Proteccion / reubicacion por definir con CFE.,Interferencia detectada entre linea de media tension existente y el trazo ferroviario.,"Por definir, sujeto a ingenieria y autorizacion del operador.",NO,BAJO,Ing. Luis Hernandez,04/02/2026,"Se realiza recorrido CFE, SE y MEM, para revision tecnica de la interferencia",309035.32,2270702.63,309035.32,2270702.63,14,,IDENTIFICADA
QI-T02-CMEM-00-V03-CTL-OI__TLS-0015-A00,Telecomunicaciones,Tramo II,46+450,47+100,Guanajuato,Celaya,Celaya,20.52272,-100.833162,20.520483,-100.838191,Bestel,Telecomunicaciones,Reubicacion por definir con operador.,Interferencia detectada entre linea de fibra optica de Bestel y trazo ferroviario,"Por definir, sujeto a ingenieria y autorizacion del operador.",NO,BAJO,Ing. Luis Hernandez,29/01/2026,"Se reunen SE, Bestel y MEM, para identificacion de su Infraestructura",308857.83,2270399.47,308330.54,2270157.7,14,,IDENTIFICADA
QI-T02-CMEM-00-V03-CTL-OI__RDR-0004-A00,Drenaje,Tramo II,46+520,46+520,Guanajuato,Celaya,Celaya,20.522398,-100.833382,20.522398,-100.833382,Municipio,Drenaje,Proteccion / reubicacion por definir con operador,Interferencia detectada entre linea de dreaje existente y trazo ferroviario,"Por definir, sujeto a ingenieria y autorizacion del operador.",NO,BAJO,Ing. Luis Hernandez,13/02/2026,"Se realiza recorrido para identificacion de su infraestructura, en proceso calas para revision tecnica",308834.49,2270364.08,308834.49,2270364.08,14,,IDENTIFICADA
QI-T02-CMEM-00-V03-CTL-OI__RDR-0005-A00,Drenaje,Tramo II,46+550,46+550,Guanajuato,Celaya,Celaya,20.522227,-100.833544,20.522227,-100.833544,Municipio,Drenaje,Proteccion / reubicacion por definir con operador,Interferencia detectada entre linea de dreaje existente y trazo ferroviario,"Por definir, sujeto a ingenieria y autorizacion del operador.",NO,BAJO,Ing. Luis Hernandez,13/02/2026,"Se realiza recorrido para identificacion de su infraestructura, en proceso calas para revision tecnica",308817.38,2270345.33,308817.38,2270345.33,14,,IDENTIFICADA
QI-T02-CMEM-00-V03-CTL-OI__EMT-0013-A00,Media Tension,Tramo II,46+960,46+960,Guanajuato,Celaya,Celaya,20.520552,-100.837149,20.520552,-100.837149,CFE,Linea electrica Media Tension,Proteccion / reubicacion por definir con CFE.,Interferencia detectada entre linea de media tension existente y el trazo ferroviario.,"Por definir, sujeto a ingenieria y autorizacion del operador.",NO,BAJO,Ing. Luis Hernandez,04/02/2026,"Se realiza recorrido CFE, SE y MEM, para revision tecnica de la interferencia",308439.3,2270164.12,308439.3,2270164.12,14,,IDENTIFICADA
QI-T02-CMEM-00-V03-CTL-OI__EMT-0014-A00,Media Tension,Tramo II,47+080,47+080,Guanajuato,Celaya,Celaya,20.520464,-100.838109,20.520464,-100.838109,CFE,Linea electrica Media Tension,Proteccion / reubicacion por definir con CFE.,Interferencia detectada entre linea de media tension existente y el trazo ferroviario.,"Por definir, sujeto a ingenieria y autorizacion del operador.",NO,BAJO,Ing. Luis Hernandez,04/02/2026,"Se realiza recorrido CFE, SE y MEM, para revision tecnica de la interferencia",308339.07,2270155.5,308339.07,2270155.5,14,,IDENTIFICADA
QI-T02-CMEM-00-V03-CTL-OI__TLS-0016-A00,Telecomunicaciones,Tramo II,47+100,47+230,Guanajuato,Celaya,Celaya,20.520483,-100.838191,20.520483,-100.838191,Telmex,Telecomunicaciones,Reubicacion por definir con operador.,Interferencia detectada entre linea de fibra optica de Telmex y trazo ferroviario,"Por definir, sujeto a ingenieria y autorizacion del operador.",SI,MEDIO,Ing. Luis Hernandez,20/02/2026,"Se reunen SE, Telmex, MEM, para identificacion de su Infraestructura",308330.54,2270157.7,308330.54,2270157.7,14,,IDENTIFICADA
QI-T02-CMEM-00-V03-CTL-OI__RDR-0006-A00,Drenaje,Tramo II,47+695,47+695,Guanajuato,Celaya,Celaya,20.520116,-100.844201,20.520116,-100.844201,Municipio,Drenaje,Proteccion / reubicacion por definir con operador,Interferencia detectada entre linea de dreaje existente y trazo ferroviario,"Por definir, sujeto a ingenieria y autorizacion del operador.",NO,BAJO,Ing. Luis Hernandez,13/02/2026,"Se realiza recorrido para identificacion de su infraestructura, en proceso calas para revision tecnica",307703.25,2270124.14,307703.25,2270124.14,14,,IDENTIFICADA
QI-T02-CMEM-00-V03-CTL-OI__RDR-0007-A00,Drenaje,Tramo II,47+890,47+890,Guanajuato,Celaya,Celaya,20.519992,-100.846074,20.519992,-100.846074,Municipio,Drenaje,Proteccion / reubicacion por definir con operador,Interferencia detectada entre linea de dreaje existente y trazo ferroviario,"Por definir, sujeto a ingenieria y autorizacion del operador.",NO,BAJO,Ing. Luis Hernandez,13/02/2026,"Se realiza recorrido para identificacion de su infraestructura, en proceso calas para revision tecnica",307507.74,2270112.61,307507.74,2270112.61,14,,GESTIÓN / EJECUCIÓN
QI-T02-CMEM-00-V03-CTL-OI__EMT-0015-A00,Media Tension,Tramo II,48+160,60+900,Guanajuato,Celaya,Celaya,20.51999,-100.848423,20.511357,-100.971129,CFE,Linea electrica Media Tension,Proteccion / reubicacion por definir con CFE.,Interferencia detectada entre linea de media tension existente y el trazo ferroviario.,"Por definir, sujeto a ingenieria y autorizacion del operador.",NO,BAJO,Ing. Luis Hernandez,04/02/2026,"Se realiza recorrido CFE, SE y MEM, para revision tecnica de la interferencia",307262.74,2270115.16,294452.8,2269308.94,14,,GESTIÓN / EJECUCIÓN
QI-T02-CMEM-00-V03-CTL-OI__EAT-0002-A00,Alta Tension,Tramo II,48+175,49+040,Guanajuato,Celaya,Celaya,20.51982,-100.84912,20.519384,-100.856539,CFE,Linea electrica Alta Tension,Proteccion / reubicacion por definir con CFE.,Interferencia detectada entre linea de alta tension existente y el trazo ferroviario.,"Por definir, sujeto a ingenieria y autorizacion del operador.",NO,BAJO,Ing. Luis Hernandez,25/02/2026,Se entrega oficio a CFE para revision tecnica de la interferencia.,307189.83,2270097.16,306415.49,2270057.67,14,,GESTIÓN / EJECUCIÓN
QI-T02-CMEM-00-V03-CTL-OI__EMT-0016-A00,Media Tension,Tramo II,48+210,48+210,Guanajuato,Celaya,Celaya,20.519769,-100.848983,20.519769,-100.848983,CFE,Linea electrica Media Tension,Proteccion / reubicacion por definir con CFE.,Interferencia detectada entre linea de media tension existente y el trazo ferroviario.,"Por definir, sujeto a ingenieria y autorizacion del operador.",NO,BAJO,Ing. Luis Hernandez,04/02/2026,"Se realiza recorrido CFE, SE y MEM, para revision tecnica de la interferencia",307204.06,2270091.36,307204.06,2270091.36,14,,GESTIÓN / EJECUCIÓN
QI-T02-CMEM-00-V03-CTL-OI__EMT-0017-A00,Media Tension,Tramo II,48+240,48+240,Guanajuato,Celaya,Celaya,20.519748,-100.849234,20.519748,-100.849234,CFE,Linea electrica Media Tension,Proteccion / reubicacion por definir con CFE.,Interferencia detectada entre linea de media tension existente y el trazo ferroviario.,"Por definir, sujeto a ingenieria y autorizacion del operador.",NO,BAJO,Ing. Luis Hernandez,04/02/2026,"Se realiza recorrido CFE, SE y MEM, para revision tecnica de la interferencia",307177.85,2270089.33,307177.85,2270089.33,14,,GESTIÓN / EJECUCIÓN
QI-T02-CMEM-00-V03-CTL-OI__GAS-0002-A00,Gasoducto,Tramo II,48+250,48+250,Guanajuato,Celaya,Celaya,20.519738,-100.849125,20.519738,-100.849125,GAS NATURAL DEL NOROESTE,Gasoducto,Proteccion por definir con Gas Natural del Noroeste,Interferencia detectada entre linea de gasoducto existente y trazo ferroviario,"Por definir, sujeto a ingenieria y autorizacion del operador.",SI,ALTO,Ing. Luis Hernandez,02/03/2026,Se envia carta de responsabilidad civil solicitada por el operador para programacion de cala de exploracion,307189.21,2270088.09,307189.21,2270088.09,14,,GESTIÓN / EJECUCIÓN
QI-T02-CMEM-00-V03-CTL-OI__TLS-0017-A00,Telecomunicaciones,Tramo II,48+600,48+600,Guanajuato,Celaya,Celaya,20.519482,-100.852828,20.519482,-100.852828,Telecom,Telecomunicaciones,Reubicacion por definir con operador.,Interferencia detectada entre linea de fibra optica de Telecom y trazo ferroviario,"Por definir, sujeto a ingenieria y autorizacion del operador.",NO,BAJO,Ing. Luis Hernandez,,,306802.67,2270064.12,306802.67,2270064.12,14,,GESTIÓN / EJECUCIÓN
QI-T02-CMEM-00-V03-CTL-OI__TLA-0009-A00,Telecomunicaciones,Tramo II,48+600,50+700,Guanajuato,Celaya,Celaya,20.519482,-100.852828,20.518116,-100.872894,Bestel,Telecomunicaciones,Reubicacion por definir con operador.,Interferencia detectada entre linea de fibra optica de Bestel y trazo ferroviario,"Por definir, sujeto a ingenieria y autorizacion del operador.",NO,BAJO,Ing. Luis Hernandez,29/01/2026,"Se reunen SE, Bestel y MEM, para identificacion de su Infraestructura",306802.67,2270064.12,304708.06,2269936.75,14,,GESTIÓN / EJECUCIÓN
QI-T02-CMEM-00-V03-CTL-OI__HCA-0001-A00,Hidrocarburo,Tramo II,48+745,48+745,Guanajuato,Celaya,Celaya,20.519386,-100.854679,20.519386,-100.854679,PEMEX,Hidrocarburo,Proteccion por definir con PEMEX,Interferencia detectada entre linea de hidrocarburo de PEMEX y trazo ferroviario,"Por definir, sujeto a ingenieria y autorizacion del operador.",NO,MEDIO,Ing. Luis Hernandez,25/11/2026,Se envia oficio a PEMEX para revision tecnica de la interferencia,306609.49,2270055.69,306609.49,2270055.69,14,,GESTIÓN / EJECUCIÓN
QI-T02-CMEM-00-V03-CTL-OI__EAT-0003-A00,Alta Tension,Tramo II,48+970,48+970,Guanajuato,Celaya,Celaya,20.519376,-100.856043,20.519376,-100.856043,CFE,Linea electrica Alta Tension,Proteccion / reubicacion por definir con CFE.,Interferencia detectada entre linea de alta tension existente y el trazo ferroviario.,"Por definir, sujeto a ingenieria y autorizacion del operador.",NO,BAJO,Ing. Luis Hernandez,25/02/2026,Se entrega oficio a CFE para revision tecnica de la interferencia.,306467.21,2270056.19,306467.21,2270056.19,14,,GESTIÓN / EJECUCIÓN
QI-T02-CMEM-00-V03-CTL-OI__EMT-0018-A00,Media Tension,Tramo II,49+720,49+720,Guanajuato,Celaya,Celaya,20.518762,-100.863365,20.518762,,CFE,Linea electrica Media Tension,Proteccion / reubicacion por definir con CFE.,Interferencia detectada entre linea de media tension existente y el trazo ferroviario.,"Por definir, sujeto a ingenieria y autorizacion del operador.",SI,MEDIO,Ing. Luis Hernandez,04/02/2026,"Se realiza recorrido CFE, SE y MEM, para revision tecnica de la interferencia",305702.76,2269996.91,,,14,,GESTIÓN / EJECUCIÓN
QI-T02-CMEM-00-V03-CTL-OI__TLA-0010-A00,Telecomunicaciones,Tramo II,49+720,50+070,Guanajuato,Celaya,Celaya,20.51877,-100.863426,20.518533,-100.866905,Telmex,Telecomunicaciones,Reubicacion por definir con operador.,Interferencia detectada entre linea de fibra optica de Telmex y trazo ferroviario,"Por definir, sujeto a ingenieria y autorizacion del operador.",NO,BAJO,Ing. Luis Hernandez,20/02/2026,"Se reunen SE, Telmex, MEM, para identificacion de su Infraestructura",305696.41,2269997.87,305333.24,2269975.77,14,,GESTIÓN / EJECUCIÓN
QI-T02-CMEM-00-V03-CTL-OI__ELN-0002-A00,Servicios municipales,Tramo II,47+225,48+200,Guanajuato,Celaya,Celaya,20.497112,-100.839362,20.519766,-100.848825,Municipio,Servicios municipales,Reubicacion por definir con operador.,Interferencia detectada entre Alumbrado publico existente y el trazo ferroviario.,"Por definir, sujeto a ingenieria y autorizacion del operador.",SI,MEDIO,Ing. Luis Hernandez,,,308179.29,2267571.68,307220.53,2270090.84,14,,GESTIÓN / EJECUCIÓN
QI-T02-CMEM-00-V03-CTL-OI__EMT-0019-A00,Media Tension,Tramo II,50+020,50+020,Guanajuato,Celaya,Celaya,20.518564,-100.866251,20.518564,-100.866251,CFE,Linea electrica Media Tension,Proteccion / reubicacion por definir con CFE.,Interferencia detectada entre linea de media tension existente y el trazo ferroviario.,"Por definir, sujeto a ingenieria y autorizacion del operador.",NO,BAJO,Ing. Luis Hernandez,04/02/2026,"Se realiza recorrido CFE, SE y MEM, para revision tecnica de la interferencia",305401.5,2269978.42,305401.5,2269978.42,14,,GESTIÓN / EJECUCIÓN
QI-T02-CMEM-00-V03-CTL-OI__EMT-0020-A00,Media Tension,Tramo II,50+220,50+220,Guanajuato,Celaya,Celaya,20.518435,-100.868242,20.518435,-100.868242,CFE,Linea electrica Media Tension,Proteccion / reubicacion por definir con CFE.,Interferencia detectada entre linea de media tension existente y el trazo ferroviario.,"Por definir, sujeto a ingenieria y autorizacion del operador.",NO,BAJO,Ing. Luis Hernandez,04/02/2026,"Se realiza recorrido CFE, SE y MEM, para revision tecnica de la interferencia",305193.67,2269966.52,305193.67,2269966.52,14,,CONCLUIDA
QI-T02-CMEM-00-V03-CTL-OI__TLS-0010-A00,Telecomunicaciones,Tramo II,51+280,51+280,Guanajuato,Celaya,Celaya,20.51776,-100.878352,20.51776,-100.878352,Telmex,Telecomunicaciones,Reubicacion por definir con operador.,Interferencia detectada entre linea de fibra optica de Telmex y trazo ferroviario,"Por definir, sujeto a ingenieria y autorizacion del operador.",NO,BAJO,Ing. Luis Hernandez,20/02/2026,"Se reunen SE, Telmex, MEM, para identificacion de su Infraestructura",304138.33,2269903.87,304138.33,2269903.87,14,,CONCLUIDA
QI-T02-CMEM-00-V03-CTL-OI__TLA-0011-A00,Telecomunicaciones,Tramo II,51+290,51+290,Guanajuato,Celaya,Celaya,20.517727,-100.878468,20.517727,-100.878468,Telmex,Telecomunicaciones,Reubicacion por definir con operador.,Interferencia detectada entre linea de fibra optica de Telmex y trazo ferroviario,"Por definir, sujeto a ingenieria y autorizacion del operador.",NO,BAJO,Ing. Luis Hernandez,20/02/2026,"Se reunen SE, Telmex, MEM, para identificacion de su Infraestructura",304126.19,2269900.36,304126.19,2269900.36,14,,CONCLUIDA
QI-T02-CMEM-00-V03-CTL-OI__EMT-0021-A00,Media Tension,Tramo II,52+180,52+180,Guanajuato,Celaya,Celaya,20.517157,-100.887204,20.517157,-100.887204,CFE,Linea electrica Media Tension,Proteccion / reubicacion por definir con CFE.,Interferencia detectada entre linea de media tension existente y el trazo ferroviario.,"Por definir, sujeto a ingenieria y autorizacion del operador.",NO,BAJO,Ing. Luis Hernandez,04/02/2026,"Se realiza recorrido CFE, SE y MEM, para revision tecnica de la interferencia",303214.28,2269847.75,303214.28,2269847.75,14,,CONCLUIDA
QI-T02-CMEM-00-V03-CTL-OI__TLA-0012-A00,Telecomunicaciones,Tramo II,52+185,52+185,Guanajuato,Celaya,Celaya,20.517157,-100.887204,20.517157,-100.887204,Telmex,Telecomunicaciones,Reubicacion por definir con operador.,Interferencia detectada entre linea de fibra optica de Telmex y trazo ferroviario,"Por definir, sujeto a ingenieria y autorizacion del operador.",NO,BAJO,Ing. Luis Hernandez,20/02/2026,"Se reunen SE, Telmex, MEM, para identificacion de su Infraestructura",303214.28,2269847.75,303214.28,2269847.75,14,,CONCLUIDA
QI-T02-CMEM-00-V03-CTL-OI__GAS-0003-A00,Gasoducto,Tramo II,52+520,52+520,Guanajuato,Celaya,Celaya,20.516945,-100.890102,20.516945,-100.890102,GAS NATURAL DEL NOROESTE,Gasoducto,Proteccion por definir con Gas Natural del Noroeste,Interferencia detectada entre linea de gasoducto existente y trazo ferroviario,"Por definir, sujeto a ingenieria y autorizacion del operador.",NO,MEDIO,Ing. Luis Hernandez,22/01/2026,Se realiza cala de exploracion en gasoducto,302911.74,2269827.77,302911.74,2269827.77,14,,CONCLUIDA
QI-T02-CMEM-00-V03-CTL-OI__TLA-0013-A00,Telecomunicaciones,Tramo II,52+650,52+800,Guanajuato,Celaya,Celaya,20.516827,-100.891262,20.516662,-100.892797,Bestel,Telecomunicaciones,Reubicacion por definir con operador.,Interferencia detectada entre linea de fibra optica de Bestel y trazo ferroviario,"Por definir, sujeto a ingenieria y autorizacion del operador.",NO,BAJO,Ing. Luis Hernandez,29/01/2026,"Se reunen SE, Bestel y MEM, para identificacion de su Infraestructura",302790.6,2269816.11,302630.28,2269799.7,14,,CONCLUIDA
QI-T02-CMEM-00-V03-CTL-OI__EMT-0022-A00,Media Tension,Tramo II,52+990,52+990,Guanajuato,Celaya,Celaya,20.516495,-100.894773,20.516495,-100.894773,CFE,Linea electrica Media Tension,Proteccion / reubicacion por definir con CFE.,Interferencia detectada entre linea de media tension existente y el trazo ferroviario.,"Por definir, sujeto a ingenieria y autorizacion del operador.",NO,BAJO,Ing. Luis Hernandez,04/02/2026,"Se realiza recorrido CFE, SE y MEM, para revision tecnica de la interferencia",302423.97,2269783.6,302423.97,2269783.6,14,,CONCLUIDA
QI-T02-CMEM-00-V03-CTL-OI__GAS-0004-A00,Gasoducto,Tramo II,53+000,53+000,Guanajuato,Celaya,Celaya,20.516472,-100.894881,20.516472,-100.894881,GAS NATURAL DEL NOROESTE,Gasoducto,Proteccion por definir con Gas Natural del Noroeste,Interferencia detectada entre linea de gasoducto existente y trazo ferroviario,"Por definir, sujeto a ingenieria y autorizacion del operador.",NO,MEDIO,Ing. Luis Hernandez,05/02/2026,Se realiza cala de exploracion en gasoducto,302412.67,2269781.18,302412.67,2269781.18,14,,CONCLUIDA
QI-T02-CMEM-00-V03-CTL-OI__EAT-0004-A00,Alta Tension,Tramo II,53+500,53+500,Guanajuato,Celaya,Celaya,20.516198,-100.899562,20.516198,-100.899562,CFE,Linea electrica Alta Tension,Proteccion / reubicacion por definir con CFE.,Interferencia detectada entre linea de alta tension existente y el trazo ferroviario.,"Por definir, sujeto a ingenieria y autorizacion del operador.",NO,BAJO,Ing. Luis Hernandez,25/02/2026,Se entrega oficio a CFE para revision tecnica de la interferencia.,301924.07,2269756.51,301924.07,2269756.51,14,,CONCLUIDA
QI-T02-CMEM-00-V03-CTL-OI__TLA-0014-A00,Telecomunicaciones,Tramo II,53+500,59+250,Guanajuato,Cortazar,Cortazar,20.516218,-100.899564,20.512449,-100.954457,Bestel,Telecomunicaciones,Reubicacion por definir con operador.,Interferencia detectada entre linea de fibra optica de Bestel y trazo ferroviario,"Por definir, sujeto a ingenieria y autorizacion del operador.",SI,MEDIO,Ing. Luis Hernandez,29/01/2026,"Se reunen SE, Bestel y MEM, para identificacion de su Infraestructura",301923.89,2269758.73,296193.3,2269408.96,14,,CONCLUIDA
QI-T02-CMEM-00-V03-CTL-OI__EAT-0005-A00,Alta Tension,Tramo II,53+600,53+600,Guanajuato,Celaya,Celaya,20.51622,-100.89992,20.51622,-100.89992,CFE,Linea electrica Alta Tension,Proteccion / reubicacion por definir con CFE.,Interferencia detectada entre linea de alta tension existente y el trazo ferroviario.,"Por definir, sujeto a ingenieria y autorizacion del operador.",NO,BAJO,Ing. Luis Hernandez,25/02/2026,Se entrega oficio a CFE para revision tecnica de la interferencia.,301886.76,2269759.38,301886.76,2269759.38,14,,CONCLUIDA
QI-T02-CMEM-00-V03-CTL-OI__GAS-0005-A00,Gasoducto,Tramo II,54+005,54+005,Guanajuato,Celaya,Celaya,20.515925,-100.904461,20.515925,-100.904461,GAS NATURAL DEL NOROESTE,Gasoducto,Proteccion por definir con Gas Natural del Noroeste,Interferencia detectada entre linea de gasoducto existente y trazo ferroviario,"Por definir, sujeto a ingenieria y autorizacion del operador.",NO,MEDIO,Ing. Luis Hernandez,17/02/2026,Se realiza cala de exploracion en gasoducto,301412.74,2269732.24,301412.74,2269732.24,14,,CONCLUIDA
QI-T02-CMEM-00-V03-CTL-OI__EMT-0023-A00,Media Tension,Tramo II,54+480,54+480,Guanajuato,Celaya,Celaya,20.51563,-100.908946,20.51563,-100.908946,CFE,Linea electrica Media Tension,Proteccion / reubicacion por definir con CFE.,Interferencia detectada entre linea de media tension existente y el trazo ferroviario.,"Por definir, sujeto a ingenieria y autorizacion del operador.",NO,BAJO,Ing. Luis Hernandez,04/02/2026,"Se realiza recorrido CFE, SE y MEM, para revision tecnica de la interferencia",300944.55,2269705.03,300944.55,2269705.03,14,,CONCLUIDA
QI-T02-CMEM-00-V03-CTL-OI__GAS-0006-A00,Gasoducto,Tramo II,54+485,54+485,Guanajuato,Celaya,Celaya,20.515611,-100.909093,20.515611,-100.909093,ARSEAL Energy and Gas,Gasoducto,Proteccion por definir con Arseal Energy and Gas,Interferencia detectada entre linea de gasoducto existente y trazo ferroviario,"Por definir, sujeto a ingenieria y autorizacion del operador.",NO,MEDIO,Ing. Luis Hernandez,02/03/2026,Se envia carta de responsabilidad civil solicitada por el operador para programacion de cala de exploracion,300929.2,2269703.11,300929.2,2269703.11,14,,CONCLUIDA
QI-T02-CMEM-00-V03-CTL-OI__TLS-0015-A00,Telecomunicaciones,Tramo II,54+490,54+490,Guanajuato,Celaya,Celaya,20.51621,-100.90017,20.512433,-100.9547,Telmex,Telecomunicaciones,Reubicacion por definir con operador.,Interferencia detectada entre linea de fibra optica de Telmex y trazo ferroviario,"Por definir, sujeto a ingenieria y autorizacion del operador.",NO,BAJO,Ing. Luis Hernandez,20/02/2026,"Se reunen SE, Telmex, MEM, para identificacion de su Infraestructura",301860.67,2269758.58,296167.93,2269407.49,14,,CONCLUIDA
QI-T02-CMEM-00-V03-CTL-OI__TLS-0016-A00,Telecomunicaciones,Tramo II,54+495,54+495,Guanajuato,Celaya,Celaya,20.51563,-100.908946,20.51563,-100.908946,Telmex,Telecomunicaciones,Reubicacion por definir con operador.,Interferencia detectada entre linea de fibra optica de Telmex y trazo ferroviario,"Por definir, sujeto a ingenieria y autorizacion del operador.",NO,BAJO,Ing. Luis Hernandez,20/02/2026,"Se reunen SE, Telmex, MEM, para identificacion de su Infraestructura",300944.55,2269705.03,300944.55,2269705.03,14,,CONCLUIDA
QI-T02-CMEM-00-V03-CTL-OI__EMT-0024-A00,Media Tension,Tramo II,54+495,54+495,Guanajuato,Cortazar,Cortazar,20.515612,-100.909051,20.515612,-100.909051,CFE,Linea electrica Media Tension,Proteccion / reubicacion por definir con CFE.,Interferencia detectada entre linea de media tension existente y el trazo ferroviario.,"Por definir, sujeto a ingenieria y autorizacion del operador.",NO,BAJO,Ing. Luis Hernandez,04/02/2026,"Se realiza recorrido CFE, SE y MEM, para revision tecnica de la interferencia",300933.58,2269703.17,300933.58,2269703.17,14,,CONCLUIDA
QI-T02-CMEM-00-V03-CTL-OI__EMT-0025-A00,Media Tension,Tramo II,55+700,55+700,Guanajuato,Cortazar,Cortazar,20.514804,-100.920703,20.514804,-100.920703,CFE,Linea electrica Media Tension,Proteccion / reubicacion por definir con CFE.,Interferencia detectada entre linea de media tension existente y el trazo ferroviario.,"Por definir, sujeto a ingenieria y autorizacion del operador.",NO,BAJO,Ing. Luis Hernandez,04/02/2026,"Se realiza recorrido CFE, SE y MEM, para revision tecnica de la interferencia",299717.17,2269627.95,299717.17,2269627.95,14,,CONCLUIDA
QI-T02-CMEM-00-V03-CTL-OI__TLA-0017-A00,Telecomunicaciones,Tramo II,55+700,55+700,Guanajuato,Cortazar,Cortazar,20.514804,-100.920703,20.514804,-100.920703,Telmex,Telecomunicaciones,Reubicacion por definir con operador.,Interferencia detectada entre linea de fibra optica de Telmex y trazo ferroviario,"Por definir, sujeto a ingenieria y autorizacion del operador.",NO,BAJO,Ing. Luis Hernandez,20/02/2026,"Se reunen SE, Telmex, MEM, para identificacion de su Infraestructura",299717.17,2269627.95,299717.17,2269627.95,14,,CONCLUIDA
QI-T02-CMEM-00-V03-CTL-OI__GAS-0007-A00,Gasoducto,Tramo II,56+500,59+700,Guanajuato,Cortazar,Cortazar,20.514517,-100.927225,20.512309,-100.961158,CRYOINFRA,Gasoducto,Proteccion por definir con Cryoinfra,Interferencia detectada entre linea de oxiducto existente y trazo ferroviario,"Por definir, sujeto a ingenieria y autorizacion del operador.",NO,MEDIO,Ing. Luis Hernandez,29/01/2026,Se realiza cala de exploracion en oxiducto,299036.51,2269604.19,295494.14,2269401.83,14,,CONCLUIDA
QI-T02-CMEM-00-V03-CTL-OI__EMT-0026-A00,Media Tension,Tramo II,56+780,56+780,Guanajuato,Cortazar,Cortazar,20.514092,-100.930945,20.514092,-100.930945,CFE,Linea electrica Media Tension,Proteccion / reubicacion por definir con CFE.,Interferencia detectada entre linea de media tension existente y el trazo ferroviario.,"Por definir, sujeto a ingenieria y autorizacion del operador.",NO,BAJO,Ing. Luis Hernandez,04/02/2026,"Se realiza recorrido CFE, SE y MEM, para revision tecnica de la interferencia",298647.94,2269561.71,298647.94,2269561.71,14,,CONCLUIDA
QI-T02-CMEM-00-V03-CTL-OI__TLA-0018-A00,Telecomunicaciones,Tramo II,56+790,56+790,Guanajuato,Cortazar,Cortazar,20.514092,-100.930945,20.514092,-100.930945,Telmex,Telecomunicaciones,Reubicacion por definir con operador.,Interferencia detectada entre linea de fibra optica de Telmex y trazo ferroviario,"Por definir, sujeto a ingenieria y autorizacion del operador.",NO,BAJO,Ing. Luis Hernandez,20/02/2026,"Se reunen SE, Telmex, MEM, para identificacion de su Infraestructura",298647.94,2269561.71,298647.94,2269561.71,14,,CONCLUIDA
QI-T02-CMEM-00-V03-CTL-OI__GAS-0008-A00,Gasoducto,Tramo II,57+680,57+680,Guanajuato,Cortazar,Cortazar,20.513502,-100.940037,20.513502,-100.940037,GAS NATURAL DEL NOROESTE,Gasoducto,Proteccion por definir con Gas Natural del Noroeste,Interferencia detectada entre linea de gasoducto existente y trazo ferroviario,"Por definir, sujeto a ingenieria y autorizacion del operador.",SI,ALTO,Ing. Luis Hernandez,23/01/2026,Se realiza cala de exploracion en gasoducto,297698.81,2269507.62,297698.81,2269507.62,14,,CONCLUIDA
QI-T02-CMEM-00-V03-CTL-OI__GAS-0009-A00,Gasoducto,Tramo II,57+950,58+650,Guanajuato,Cortazar,Cortazar,20.513355,-100.942208,20.512837,-100.94895,CENAGAS,Gasoducto,Proteccion por definir con CENAGAS,Interferencia detectada entre linea de gasoducto existente y trazo ferroviario,"Por definir, sujeto a ingenieria y autorizacion del operador.",SI,ALTO,Ing. Luis Hernandez,25/11/2025,Se envia oficio a CENAGAS para revision tecnica de la interferencia,297472.16,2269494.04,296768.24,2269445.06,14,,CONCLUIDA
QI-T02-CMEM-00-V03-CTL-OI__EAT-0006-A00,Alta Tension,Tramo II,57+950,58+650,Guanajuato,Villagran,Villagran,20.51379,-100.94093,20.512806,-100.947411,CFE,Linea electrica Alta Tension,Proteccion / reubicacion por definir con CFE.,Interferencia detectada entre linea de alta tension existente y el trazo ferroviario.,"Por definir, sujeto a ingenieria y autorizacion del operador.",SI,MEDIO,Ing. Luis Hernandez,25/02/2026,Se entrega oficio a CFE para revision tecnica de la interferencia.,297606.04,2269540.61,296928.73,2269439.71,14,,CONCLUIDA
QI-T02-CMEM-00-V03-CTL-OI__EAT-0007-A00,Alta Tension,Tramo II,58+650,59+245,Guanajuato,Villagran,Villagran,20.512806,-100.947411,20.512263,-100.95302,CFE,Linea electrica Alta Tension,Proteccion / reubicacion por definir con CFE.,Interferencia detectada entre linea de alta tension existente y el trazo ferroviario.,"Por definir, sujeto a ingenieria y autorizacion del operador.",SI,MEDIO,Ing. Luis Hernandez,25/02/2026,Se entrega oficio a CFE para revision tecnica de la interferencia.,296928.73,2269439.71,296342.94,2269386.57,14,,CONCLUIDA
QI-T02-CMEM-00-V03-CTL-OI__GAS-0010-A00,Gasoducto,Tramo II,58+650,58+650,Guanajuato,Cortazar,Cortazar,20.512838,-100.949071,20.512838,-100.949071,CENAGAS,Gasoducto,Proteccion por definir con CENAGAS,Interferencia detectada entre linea de gasoducto existente y trazo ferroviario,"Por definir, sujeto a ingenieria y autorizacion del operador.",NO,MEDIO,Ing. Luis Hernandez,25/11/2025,Se envia oficio a CENAGAS para revision tecnica de la interferencia,296755.62,2269445.32,296755.62,2269445.32,14,,CONCLUIDA
QI-T02-CMEM-00-V03-CTL-OI__TLA-0019-A00,Telecomunicaciones,Tramo II,59+410,59+410,Guanajuato,Cortazar,Cortazar,20.512337,-100.956111,20.512337,-100.956111,Telmex,Telecomunicaciones,Reubicacion por definir con operador.,Interferencia detectada entre linea de fibra optica de Telmex y trazo ferroviario,"Por definir, sujeto a ingenieria y autorizacion del operador.",NO,BAJO,Ing. Luis Hernandez,20/02/2026,"Se reunen SE, Telmex, MEM, para identificacion de su Infraestructura",296020.62,2269398.62,296020.62,2269398.62,14,,GESTIÓN / EJECUCIÓN
QI-T02-CMEM-00-V03-CTL-OI__EMT-0027-A00,Media Tension,Tramo II,59+480,59+480,Guanajuato,Cortazar,Cortazar,20.512325,-100.956757,20.512325,-100.956757,CFE,Linea electrica Media Tension,Proteccion / reubicacion por definir con CFE.,Interferencia detectada entre linea de media tension existente y el trazo ferroviario.,"Por definir, sujeto a ingenieria y autorizacion del operador.",NO,BAJO,Ing. Luis Hernandez,04/02/2026,"Se realiza recorrido CFE, SE y MEM, para revision tecnica de la interferencia",295953.22,2269398.1,295953.22,2269398.1,14,,IDENTIFICADA
QI-T02-CMEM-00-V03-CTL-OI__EMT-0028-A00,Media Tension,Tramo II,59+980,59+980,Guanajuato,Villagran,Villagran,20.511989,-100.961263,20.511989,-100.961263,CFE,Linea electrica Media Tension,Proteccion / reubicacion por definir con CFE.,Interferencia detectada entre linea de media tension existente y el trazo ferroviario.,"Por definir, sujeto a ingenieria y autorizacion del operador.",NO,BAJO,Ing. Luis Hernandez,04/02/2026,"Se realiza recorrido CFE, SE y MEM, para revision tecnica de la interferencia",295482.76,2269366.53,295482.76,2269366.53,14,,IDENTIFICADA
QI-T02-CMEM-00-V03-CTL-OI__GAS-0011-A00,Gasoducto,Tramo II,60+100,60+100,Guanajuato,Villagran,Villagran,20.511887,-100.962659,20.511887,-100.962659,GNP,Gasoducto,Proteccion por definir con Gas Natural Potosino,Interferencia detectada entre linea de gasoducto existente y trazo ferroviario,"Por definir, sujeto a ingenieria y autorizacion del operador.",NO,MEDIO,Ing. Luis Hernandez,02/03/2026,Se envia carta de responsabilidad civil solicitada por el operador para programacion de cala de exploracion,295337.01,2269356.99,295337.01,2269356.99,14,,IDENTIFICADA
QI-T02-CMEM-00-V03-CTL-OI__EMT-0029-A00,Media Tension,Tramo II,60+670,60+670,Guanajuato,Villagran,Villagran,20.511555,-100.968156,20.511555,-100.968156,CFE,Linea electrica Media Tension,Proteccion / reubicacion por definir con CFE.,Interferencia detectada entre linea de media tension existente y el trazo ferroviario.,"Por definir, sujeto a ingenieria y autorizacion del operador.",NO,BAJO,Ing. Luis Hernandez,04/02/2026,"Se realiza recorrido CFE, SE y MEM, para revision tecnica de la interferencia",294763.18,2269327.13,294763.18,2269327.13,14,,IDENTIFICADA
QI-T02-CMEM-00-V03-CTL-OI__TLA-0020-A00,Telecomunicaciones,Tramo II,60+680,60+680,Guanajuato,Villagran,Villagran,20.511479,-100.968282,20.511479,-100.968282,Telmex,Telecomunicaciones,Reubicacion por definir con operador.,Interferencia detectada entre linea de fibra optica de Telmex y trazo ferroviario,"Por definir, sujeto a ingenieria y autorizacion del operador.",NO,BAJO,Ing. Luis Hernandez,20/02/2026,"Se reunen SE, Telmex, MEM, para identificacion de su Infraestructura",294749.93,2269318.87,294749.93,2269318.87,14,,IDENTIFICADA
QI-T02-CMEM-00-V03-CTL-OI__EMT-0030-A00,Media Tension,Tramo II,60+690,60+690,Guanajuato,Villagran,Villagran,20.511556,-100.968353,20.511556,-100.968353,CFE,Linea electrica Media Tension,Proteccion / reubicacion por definir con CFE.,Interferencia detectada entre linea de media tension existente y el trazo ferroviario.,"Por definir, sujeto a ingenieria y autorizacion del operador.",NO,BAJO,Ing. Luis Hernandez,04/02/2026,"Se realiza recorrido CFE, SE y MEM, para revision tecnica de la interferencia",294742.63,2269327.48,294742.63,2269327.48,14,,IDENTIFICADA
QI-T02-CMEM-00-V03-CTL-OI__TLA-0021-A00,Telecomunicaciones,Tramo II,60+700,60+850,Guanajuato,Villagran,Villagran,20.511473,-100.968323,20.511446,-100.969982,Bestel,Telecomunicaciones,Reubicacion por definir con operador.,Interferencia detectada entre linea de fibra optica de Bestel y trazo ferroviario,"Por definir, sujeto a ingenieria y autorizacion del operador.",NO,BAJO,Ing. Luis Hernandez,29/01/2026,"Se reunen SE, Bestel y MEM, para identificacion de su Infraestructura",294745.65,2269318.26,294572.56,2269317.35,14,,IDENTIFICADA
QI-T02-CMEM-00-V03-CTL-OI__EMT-0031-A00,Media Tension,Tramo II,60+980,60+980,Guanajuato,Villagran,Villagran,20.511506,-100.971143,20.511506,-100.971143,CFE,Linea electrica Media Tension,Proteccion / reubicacion por definir con CFE.,Interferencia detectada entre linea de media tension existente y el trazo ferroviario.,"Por definir, sujeto a ingenieria y autorizacion del operador.",NO,BAJO,Ing. Luis Hernandez,04/02/2026,"Se realiza recorrido CFE, SE y MEM, para revision tecnica de la interferencia",294451.54,2269325.46,294451.54,2269325.46,14,,IDENTIFICADA
QI-T02-CMEM-00-V03-CTL-OI__TLA-0022-A00,Telecomunicaciones,Tramo II,60+990,60+990,Guanajuato,Villagran,Villagran,20.511506,-100.971143,20.511506,-100.971143,Telmex,Telecomunicaciones,Reubicacion por definir con operador.,Interferencia detectada entre linea de fibra optica de Telmex y trazo ferroviario,"Por definir, sujeto a ingenieria y autorizacion del operador.",NO,BAJO,Ing. Luis Hernandez,20/02/2026,"Se reunen SE, Telmex, MEM, para identificacion de su Infraestructura",294451.54,2269325.46,294451.54,2269325.46,14,,IDENTIFICADA
QI-T02-CMEM-00-V03-CTL-OI__GAS-0012-A00,Gasoducto,Tramo II,61+150,61+150,Guanajuato,Villagran,Villagran,20.511903,-100.972981,20.511903,-100.972981,GNP,Gasoducto,Proteccion por definir con Gas Natural Potosino,Interferencia detectada entre linea de gasoducto existente y trazo ferroviario,"Por definir, sujeto a ingenieria y autorizacion del operador.",NO,MEDIO,Ing. Luis Hernandez,02/03/2026,Se envia carta de responsabilidad civil solicitada por el operador para programacion de cala de exploracion,294260.35,2269371.72,294260.35,2269371.72,14,,IDENTIFICADA
QI-T02-CMEM-00-V03-CTL-OI__EMT-0032-A00,Media Tension,Tramo II,68+150,68+150,Guanajuato,Villagran,Villagran,20.569832,-100.993111,20.569832,-100.993111,CFE,Linea electrica Media Tension,Proteccion / reubicacion por definir con CFE.,Interferencia detectada entre linea de media tension existente y el trazo ferroviario.,"Por definir, sujeto a ingenieria y autorizacion del operador.",NO,BAJO,Ing. Luis Hernandez,04/02/2026,"Se realiza recorrido CFE, SE y MEM, para revision tecnica de la interferencia",292238.9,2275810.96,292238.9,2275810.96,14,,IDENTIFICADA
QI-T02-CMEM-00-V03-CTL-OI__EMT-0033-A00,Media Tension,Tramo II,68+180,68+180,Guanajuato,Villagran,Villagran,20.570103,-100.993224,20.570103,-100.993224,CFE,Linea electrica Media Tension,Proteccion / reubicacion por definir con CFE.,Interferencia detectada entre linea de media tension existente y el trazo ferroviario.,"Por definir, sujeto a ingenieria y autorizacion del operador.",NO,BAJO,Ing. Luis Hernandez,04/02/2026,"Se realiza recorrido CFE, SE y MEM, para revision tecnica de la interferencia",292227.48,2275841.11,292227.48,2275841.11,14,,IDENTIFICADA
QI-T02-CMEM-00-V03-CTL-OI__GAS-0013-A00,Gasoducto,Tramo II,68+500,68+500,Guanajuato,Villagran,Villagran,20.572642,-100.994631,20.572642,-100.994631,TC Energy,Gasoducto,Proteccion por definir con TC ENERGY,Interferencia detectada entre linea de gasoducto existente y trazo ferroviario,"Por definir, sujeto a ingenieria y autorizacion del operador.",NO,MEDIO,Ing. Luis Hernandez,02/03/2026,Se envia carta de responsabilidad civil solicitada por el operador para programacion de cala de exploracion,292084.21,2276124.02,292084.21,2276124.02,14,,IDENTIFICADA
QI-T02-CMEM-00-V03-CTL-OI__EAT-0008-A00,Alta Tension,Tramo II,69+420,69+420,Guanajuato,Juventino de Rosas,Santiago de cuenda,20.579045,-101.000227,20.579045,-101.000227,CFE,Linea electrica Alta Tension,Proteccion / reubicacion por definir con CFE.,Interferencia detectada entre linea de alta tension existente y el trazo ferroviario.,"Por definir, sujeto a ingenieria y autorizacion del operador.",NO,BAJO,Ing. Luis Hernandez,25/02/2026,Se entrega oficio a CFE para revision tecnica de la interferencia.,291509.42,2276840.1,291509.42,2276840.1,14,,IDENTIFICADA
QI-T02-CMEM-00-V03-CTL-OI__TLS-0023-A00,Telecomunicaciones,Tramo II,70+080,70+080,Guanajuato,Villagran,Villagran,20.582571,-101.005349,20.582571,-101.005349,Telmex,Telecomunicaciones,Reubicacion por definir con operador.,Interferencia detectada entre linea de fibra optica de Telmex y trazo ferroviario,"Por definir, sujeto a ingenieria y autorizacion del operador.",SI,MEDIO,Ing. Luis Hernandez,20/02/2026,"Se reunen SE, Telmex, MEM, para identificacion de su Infraestructura",290980.17,2277237.06,290980.17,2277237.06,14,,IDENTIFICADA
QI-T02-CMEM-00-V03-CTL-OI__TLS-0024-A00,Telecomunicaciones,Tramo II,70+105,70+105,Guanajuato,Villagran,Villagran,20.582827,-101.005749,20.582827,-101.005749,Telmex,Telecomunicaciones,Reubicacion por definir con operador.,Interferencia detectada entre linea de fibra optica de Telmex y trazo ferroviario,"Por definir, sujeto a ingenieria y autorizacion del operador.",SI,MEDIO,Ing. Luis Hernandez,03/03/2026,"Se reunen SE, Telmex, Axtel y MEM, para identificacion de su Infraestructura",290938.82,2277265.92,290938.82,2277265.92,14,,IDENTIFICADA
QI-T02-CMEM-00-V03-CTL-OI__TLS-0025-A00,Telecomunicaciones,Tramo II,72+600,80+240,Guanajuato,Villagran,Villagran,20.586174,-101.02905,20.589614,-101.102065,Telmex,Telecomunicaciones,Reubicacion por definir con operador.,Interferencia detectada entre linea de fibra optica de Telmex y trazo ferroviario,"Por definir, sujeto a ingenieria y autorizacion del operador.",NO,BAJO,Ing. Luis Hernandez,03/03/2026,"Se reunen SE, Telmex, Axtel y MEM, para identificacion de su Infraestructura",288513.98,2277666.58,280906.07,2278144.01,14,,SUSPENDIDA
QI-T02-CMEM-00-V03-CTL-OI__EMT-0034-A00,Media Tension,Tramo II,73+520,73+520,Guanajuato,Villagran,Villagran,20.587404,-101.037832,20.587404,-101.037832,CFE,Linea electrica Media Tension,Proteccion / reubicacion por definir con CFE.,Interferencia detectada entre linea de media tension existente y el trazo ferroviario.,"Por definir, sujeto a ingenieria y autorizacion del operador.",NO,BAJO,Ing. Luis Hernandez,04/02/2026,"Se realiza recorrido CFE, SE y MEM, para revision tecnica de la interferencia",287600.05,2277814.2,287600.05,2277814.2,14,,SUSPENDIDA
QI-T02-CMEM-00-V03-CTL-OI__TLS-0026-A00,Telecomunicaciones,Tramo II,74+705,74+705,Guanajuato,Villagran,Villagran,20.588201,-101.049065,20.588201,-101.049065,Telmex,Telecomunicaciones,Reubicacion por definir con operador.,Interferencia detectada entre linea de fibra optica de Telmex y trazo ferroviario,"Por definir, sujeto a ingenieria y autorizacion del operador.",NO,BAJO,Ing. Luis Hernandez,03/03/2026,"Se reunen SE, Telmex, Axtel y MEM, para identificacion de su Infraestructura",286429.99,2277917.14,286429.99,2277917.14,14,,SUSPENDIDA
QI-T02-CMEM-00-V03-CTL-OI__TLA-0027-A00,Telecomunicaciones,Tramo II,74+710,74+710,Guanajuato,Villagran,Villagran,20.588205,-101.049116,20.588205,-101.049116,AVANTEL,Telecomunicaciones,Reubicacion por definir con operador.,Interferencia detectada entre linea de fibra optica de Avantel y trazo ferroviario,"Por definir, sujeto a ingenieria y autorizacion del operador.",NO,BAJO,Ing. Luis Hernandez,03/03/2026,"Se reunen SE, Telmex, Axtel y MEM, para identificacion de su Infraestructura",286424.68,2277917.65,286424.68,2277917.65,14,,SUSPENDIDA
QI-T02-CMEM-00-V03-CTL-OI__EBT-0002-A00,Baja Tension,Tramo II,75+520,75+520,Guanajuato,Villagran,Villagran,20.588414,-101.05645,20.588414,-101.05645,CFE,Linea electrica Baja Tension,Proteccion / reubicacion por definir con CFE.,Interferencia detectada entre linea de baja tension existente y el trazo ferroviario.,"Por definir, sujeto a ingenieria y autorizacion del operador.",NO,BAJO,Ing. Luis Hernandez,04/02/2026,"SE REALIZA RECORRIDO CFE, SE Y MEM, LA BAJA TENSION SERA ALIMENTADA DE OTRO PUNTO DE CONEXION",285660.31,2277950.43,285660.31,2277950.43,14,,SUSPENDIDA
QI-T02-CMEM-00-V03-CTL-OI__SVD-0006-A00,Servicios municipales,Tramo II,76+400,76+400,Guanajuato,Salamanca,Salamanca,20.633377,-101.065768,20.633377,-101.065768,Municipio,Servicios municipales,Reubicacion,Interferencia detectada entre Camara de videovigilancia existente y el trazo ferroviario.,"Por definir, sujeto a ingenieria y autorizacion del operador.",NO,BAJO,Ing. Luis Hernandez,,,284752.01,2282941.12,284752.01,2282941.12,14,,SUSPENDIDA
QI-T02-CMEM-00-V03-CTL-OI__EMT-0035-A00,Media Tension,Tramo II,76+680,76+680,Guanajuato,Salamanca,Salamanca,20.588762,-101.067765,20.588762,-101.067765,CFE,Linea electrica Media Tension,Proteccion / reubicacion por definir con CFE.,Interferencia detectada entre linea de media tension existente y el trazo ferroviario.,"Por definir, sujeto a ingenieria y autorizacion del operador.",NO,BAJO,Ing. Luis Hernandez,04/02/2026,"Se realiza recorrido CFE, SE y MEM, para revision tecnica de la interferencia",284481.08,2278003.89,284481.08,2278003.89,14,,SUSPENDIDA
QI-T02-CMEM-00-V03-CTL-OI__SVD-0007-A00,Servicios municipales,Tramo II,79+200,79+200,Guanajuato,Salamanca,Salamanca,20.631743,-101.092434,20.631743,-101.092434,Municipio,Servicios municipales,Reubicacion por definir con operador.,Interferencia detectada entre Camara de videovigilancia existente y el trazo ferroviario.,"Por definir, sujeto a ingenieria y autorizacion del operador.",NO,BAJO,Ing. Luis Hernandez,,,281970.22,2282795.76,281970.22,2282795.76,14,,SUSPENDIDA
QI-T02-CMEM-00-V03-CTL-OI__TLS-0028-A00,Telecomunicaciones,Tramo II,79+280,79+280,Guanajuato,Salamanca,Salamanca,20.641628,-101.143593,20.641628,-101.143593,ALESTRA,Telecomunicaciones,Reubicacion por definir con operador.,Interferencia detectada entre linea de fibra optica de Alestra y trazo ferroviario,"Por definir, sujeto a ingenieria y autorizacion del operador.",NO,BAJO,Ing. Luis Hernandez,03/03/2026,"Se reunen SE, Telmex, Axtel y MEM, para identificacion de su Infraestructura",276652.08,2283959.78,276652.08,2283959.78,14,,SUSPENDIDA
QI-T02-CMEM-00-V03-CTL-OI__EMT-0036-A00,Media Tension,Tramo II,80+900,80+900,Guanajuato,Salamanca,Salamanca,20.590418,-101.10819,20.590418,-101.10819,CFE,Linea electrica Media Tension,Proteccion / reubicacion por definir con CFE.,Interferencia detectada entre linea de media tension existente y el trazo ferroviario.,"Por definir, sujeto a ingenieria y autorizacion del operador.",NO,BAJO,Ing. Luis Hernandez,04/02/2026,"Se realiza recorrido CFE, SE y MEM, para revision tecnica de la interferencia",280268.61,2278241.29,280268.61,2278241.29,14,,SUSPENDIDA
QI-T02-CMEM-00-V03-CTL-OI__SVD-0008-A00,Servicios municipales,Tramo II,81+220,81+220,Guanajuato,Salamanca,Salamanca,20.626091,-101.111975,20.626091,-101.111975,Municipio,Servicios municipales,Reubicacion por definir con operador.,Interferencia detectada entre Camara de videovigilancia existente y el trazo ferroviario.,"Por definir, sujeto a ingenieria y autorizacion del operador.",SI,MEDIO,Ing. Luis Hernandez,,,279925.24,2282196.29,279925.24,2282196.29,14,,SUSPENDIDA
QI-T02-CMEM-00-V03-CTL-OI__STC-0004-A00,Servicios privados,Tramo II,81+221,81+221,Guanajuato,Salamanca,Salamanca,20.589844,-101.112003,20.589844,-101.112003,Municipio,Servicios privados,Reubicacion por definir con Municipio,Interferencia detectada entre Marco carretero SSP existente y el trazo ferroviario.,"Por definir, sujeto a ingenieria y autorizacion del operador.",SI,MEDIO,Ing. Luis Hernandez,05/02/2026,"Se realiza recorrido Ferromex, SE, MEM para identificacion de interferencia",279870.23,2278182.89,279870.23,2278182.89,14,,SUSPENDIDA
QI-T02-CMEM-00-V03-CTL-OI__TLA-0029-A00,Telecomunicaciones,Tramo II,81+500 ,83+380,Guanajuato,Salamanca,Salamanca,20.58994,-101.114023,20.590427,-101.131869,Telmex,Telecomunicaciones,Reubicacion por definir con operador.,Interferencia detectada entre linea de fibra optica de Telmex y trazo ferroviario,"Por definir, sujeto a ingenieria y autorizacion del operador.",SI,MEDIO,Ing. Luis Hernandez,20/02/2026,"Se reunen SE, Telmex, MEM, para identificacion de su Infraestructura",279659.75,2278196.25,277799.76,2278274.43,14,,SUSPENDIDA
QI-T02-CMEM-00-V03-CTL-OI__EMT-0037-A00,Media Tension,Tramo II,81+860,83+380,Guanajuato,Salamanca,Salamanca,20.590177,-101.11734,20.636342,-101.157488,CFE,Linea electrica Media Tension,Proteccion / reubicacion por definir con CFE.,Interferencia detectada entre linea de media tension existente y el trazo ferroviario.,"Por definir, sujeto a ingenieria y autorizacion del operador.",NO,BAJO,Ing. Luis Hernandez,04/02/2026,"Se realiza recorrido CFE, SE y MEM, para revision tecnica de la interferencia",279314.25,2278226.98,275196.02,2283393.65,14,,SUSPENDIDA
QI-T02-CMEM-00-V03-CTL-OI__STC-0005-A00,Servicios privados,Tramo II,82+600,82+600,Guanajuato,Salamanca,Salamanca,20.590233,-101.125267,20.590233,-101.125267,Municipio,Servicios privados,Reubicacion por definir con Municipio,Interferencia detectada entre Marco carretero SSP existente y el trazo ferroviario.,"Por definir, sujeto a ingenieria y autorizacion del operador.",SI,MEDIO,Ing. Luis Hernandez,05/02/2026,"Se realiza recorrido Ferromex, SE, MEM para identificacion de interferencia",278487.83,2278243.95,278487.83,2278243.95,14,,SUSPENDIDA
QI-T02-CMEM-00-V03-CTL-OI__EMT-0038-A00,Media Tension,Tramo II,82+940,82+940,Guanajuato,Salamanca,Salamanca,20.590326,-101.1279,20.590326,-101.1279,CFE,Linea electrica Media Tension,Proteccion / reubicacion por definir con CFE.,Interferencia detectada entre linea de media tension existente y el trazo ferroviario.,"Por definir, sujeto a ingenieria y autorizacion del operador.",NO,BAJO,Ing. Luis Hernandez,04/02/2026,"Se realiza recorrido CFE, SE y MEM, para revision tecnica de la interferencia",278213.44,2278257.83,278213.44,2278257.83,14,,SUSPENDIDA
QI-T02-CMEM-00-V03-CTL-OI__TLS-0030-A00,Telecomunicaciones,Tramo II,82+950,82+950,Guanajuato,Salamanca,Salamanca,20.590326,-101.1279,20.590326,-101.1279,Telmex,Telecomunicaciones,Reubicacion por definir con operador.,Interferencia detectada entre linea de fibra optica de Telmex y trazo ferroviario,"Por definir, sujeto a ingenieria y autorizacion del operador.",NO,BAJO,Ing. Luis Hernandez,20/02/2026,"Se reunen SE, Telmex, MEM, para identificacion de su Infraestructura",278213.44,2278257.83,278213.44,2278257.83,14,,SUSPENDIDA
QI-T02-CMEM-00-V03-CTL-OI__EMT-0039-A00,Media Tension,Tramo II,83+460,83+460,Guanajuato,Salamanca,Salamanca,20.590556,-101.132744,20.590556,-101.132744,CFE,Linea electrica Media Tension,Proteccion / reubicacion por definir con CFE.,Interferencia detectada entre linea de media tension existente y el trazo ferroviario.,"Por definir, sujeto a ingenieria y autorizacion del operador.",NO,BAJO,Ing. Luis Hernandez,04/02/2026,"Se realiza recorrido CFE, SE y MEM, para revision tecnica de la interferencia",277708.71,2278289.91,277708.71,2278289.91,14,,SUSPENDIDA
QI-T02-CMEM-00-V03-CTL-OI__EMT-0040-A00,Media Tension,Tramo II,84+120,84+120,Guanajuato,Salamanca,Salamanca,20.593121,-101.138779,20.593121,-101.138779,CFE,Linea electrica Media Tension,Proteccion / reubicacion por definir con CFE.,Interferencia detectada entre linea de media tension existente y el trazo ferroviario.,"Por definir, sujeto a ingenieria y autorizacion del operador.",NO,BAJO,Ing. Luis Hernandez,04/02/2026,"Se realiza recorrido CFE, SE y MEM, para revision tecnica de la interferencia",277083.21,2278582.17,277083.21,2278582.17,14,,SUSPENDIDA
QI-T02-CMEM-00-V03-CTL-OI__EMT-0041-A00,Media Tension,Tramo II,84+280,84+280,Guanajuato,Salamanca,Salamanca,20.593447,-101.140166,20.593447,-101.140166,CFE,Linea electrica Media Tension,Proteccion / reubicacion por definir con CFE.,Interferencia detectada entre linea de media tension existente y el trazo ferroviario.,"Por definir, sujeto a ingenieria y autorizacion del operador.",NO,BAJO,Ing. Luis Hernandez,04/02/2026,"Se realiza recorrido CFE, SE y MEM, para revision tecnica de la interferencia",276939.07,2278620.17,276939.07,2278620.17,14,,SUSPENDIDA
QI-T02-CMEM-00-V03-CTL-OI__EAT-0009-A00,Alta Tension,Tramo II,84+300,84+300,Guanajuato,Salamanca,Hacienda Vieja,20.593639,-101.139992,20.593639,-101.139992,CFE,Linea electrica Alta Tension,Proteccion / reubicacion por definir con CFE.,Interferencia detectada entre linea de alta tension existente y el trazo ferroviario.,"Por definir, sujeto a ingenieria y autorizacion del operador.",NO,BAJO,Ing. Luis Hernandez,25/02/2026,Se entrega oficio a CFE para revision tecnica de la interferencia.,276957.49,2278641.19,276957.49,2278641.19,14,,CONCLUIDA
QI-T02-CMEM-00-V03-CTL-OI__GAS-0014-A00,Gasoducto,Tramo II,84+719,84+719,Guanajuato,Salamanca,Salamanca,20.593353,-101.144339,20.593353,-101.144339,ENGIE,Gasoducto,Proteccion por definir con ENGIE,Interferencia detectada entre linea de gasoducto existente y trazo ferroviario,"Por definir, sujeto a ingenieria y autorizacion del operador.",NO,MEDIO,Ing. Luis Hernandez,02/03/2026,Se envia carta de responsabilidad civil solicitada por el operador para programacion de cala de exploracion,276503.84,2278615.49,276503.84,2278615.49,14,,CONCLUIDA
QI-T02-CMEM-00-V03-CTL-OI__EMT-0042-A00,Media Tension,Tramo II,85+340,85+340,Guanajuato,Salamanca,Salamanca,20.59327,-101.150079,20.59327,-101.150079,CFE,Media Tension,Proteccion / reubicacion por definir con CFE.,Interferencia detectada entre linea de media tension existente y el trazo ferroviario.,"Por definir, sujeto a ingenieria y autorizacion del operador.",NO,BAJO,Ing. Luis Hernandez,04/02/2026,"Se realiza recorrido CFE, SE y MEM, para revision tecnica de la interferencia",275905.25,2278614.19,275905.25,2278614.19,14,,CONCLUIDA
QI-T02-CMEM-00-V03-CTL-OI__TLA-0031-A00,Telecomunicaciones,Tramo II,85+500,88+180,Guanajuato,Salamanca,Salamanca,20.592806,-101.151625,20.597759,-101.177005,Telmex,Telecomunicaciones,Reubicacion por definir con operador.,Interferencia detectada entre linea de fibra optica de Telmex y trazo ferroviario,"Por definir, sujeto a ingenieria y autorizacion del operador.",SI,MEDIO,Ing. Luis Hernandez,20/02/2026,"Se reunen SE, Telmex, MEM, para identificacion de su Infraestructura",275743.38,2278564.94,273104.49,2279148.55,14,,CONCLUIDA
QI-T02-CMEM-00-V03-CTL-OI__TLS-0032-A00,Telecomunicaciones,Tramo II,86+770,86+770,Guanajuato,Salamanca,Salamanca,20.595378,-101.163726,20.595378,-101.163726,Telmex,Telecomunicaciones,Reubicacion por definir con operador.,Interferencia detectada entre linea de fibra optica de Telmex y trazo ferroviario,"Por definir, sujeto a ingenieria y autorizacion del operador.",NO,BAJO,Ing. Luis Hernandez,20/02/2026,"Se reunen SE, Telmex, MEM, para identificacion de su Infraestructura",274485.47,2278866.45,274485.47,2278866.45,14,,CONCLUIDA
QI-T02-CMEM-00-V03-CTL-OI__TLA-0033-A00,Telecomunicaciones,Tramo II,86+775,86+775,Guanajuato,Salamanca,Salamanca,20.595245,-101.163619,20.595245,-101.163619,Telmex,Telecomunicaciones,Reubicacion por definir con operador.,Interferencia detectada entre linea de fibra optica de Telmex y trazo ferroviario,"Por definir, sujeto a ingenieria y autorizacion del operador.",NO,BAJO,Ing. Luis Hernandez,20/02/2026,"Se reunen SE, Telmex, MEM, para identificacion de su Infraestructura",274496.43,2278851.58,274496.43,2278851.58,14,,CONCLUIDA
QI-T02-CMEM-00-V03-CTL-OI__EAT-0010-A00,Alta Tension,Tramo II,87+640,87+640,Guanajuato,Salamanca,Salamanca,20.59725,-101.171414,20.59725,-101.171414,CFE,Linea electrica Alta Tension,Proteccion / reubicacion por definir con CFE.,Interferencia detectada entre linea de alta tension existente y el trazo ferroviario.,"Por definir, sujeto a ingenieria y autorizacion del operador.",NO,BAJO,Ing. Luis Hernandez,25/02/2026,Se entrega oficio a CFE para revision tecnica de la interferencia.,273686.66,2279084.41,273686.66,2279084.41,14,,CONCLUIDA
QI-T02-CMEM-00-V03-CTL-OI__HCA-0002-A00,Hidrocarburo,Tramo II,87+700,87+700,Guanajuato,Salamanca,Salamanca,20.597272,-101.173901,20.597272,-101.173901,PEMEX,Hidrocarburo,Proteccion por definir con PEMEX,Interferencia detectada entre linea de hidrocarburo de PEMEX y trazo ferroviario,"Por definir, sujeto a ingenieria y autorizacion del operador.",NO,MEDIO,Ing. Luis Hernandez,25/11/2026,Se envia oficio a PEMEX para revision tecnica de la interferencia,273427.39,2279090.3,273427.39,2279090.3,14,,CONCLUIDA
QI-T02-CMEM-00-V03-CTL-OI__EMT-0043-A00,Media Tension,Tramo II,87+780,88+050,Guanajuato,Salamanca,Salamanca,20.596973,-101.172404,20.666325,-101.201211,CFE,Media Tension,Proteccion / reubicacion por definir con CFE.,Interferencia detectada entre linea de media tension existente y el trazo ferroviario.,"Por definir, sujeto a ingenieria y autorizacion del operador.",SI,MEDIO,Ing. Luis Hernandez,04/02/2026,"Se realiza recorrido CFE, SE y MEM, para revision tecnica de la interferencia",273583.03,2279055.11,270683.54,2286774.79,14,,CONCLUIDA
QI-T02-CMEM-00-V03-CTL-OI__EAT-0011-A00,Alta Tension,Tramo II,87+900,87+900,Guanajuato,Salamanca,Salamanca,20.597597,-101.173594,20.597597,-101.173594,CFE,Linea electrica Alta Tension,Proteccion / reubicacion por definir con CFE.,Interferencia detectada entre linea de alta tension existente y el trazo ferroviario.,"Por definir, sujeto a ingenieria y autorizacion del operador.",NO,BAJO,Ing. Luis Hernandez,25/02/2026,Se entrega oficio a CFE para revision tecnica de la interferencia.,273459.88,2279125.86,273459.88,2279125.86,14,,CONCLUIDA
QI-T02-CMEM-00-V03-CTL-OI__TLA-0034-A00,Telecomunicaciones,Tramo II,88+190,88+380,Guanajuato,Salamanca,Salamanca,20.597777,-101.177187,20.59777,-101.178809,Telmex,Telecomunicaciones,Reubicacion por definir con operador.,Interferencia detectada entre linea de fibra optica de Telmex y trazo ferroviario,"Por definir, sujeto a ingenieria y autorizacion del operador.",SI,MEDIO,Ing. Luis Hernandez,20/02/2026,"Se reunen SE, Telmex, MEM, para identificacion de su Infraestructura",273085.54,2279150.8,272916.41,2279152.29,14,,CONCLUIDA
QI-T02-CMEM-00-V03-CTL-OI__TLS-0035-A00,Telecomunicaciones,Tramo II,88+210,88+210,Guanajuato,Salamanca,Salamanca,20.597768,-101.177168,20.597768,-101.177168,Telmex,Telecomunicaciones,Reubicacion por definir con operador.,Interferencia detectada entre linea de fibra optica de Telmex y trazo ferroviario,"Por definir, sujeto a ingenieria y autorizacion del operador.",SI,MEDIO,Ing. Luis Hernandez,20/02/2026,"Se reunen SE, Telmex, MEM, para identificacion de su Infraestructura",273087.5,2279149.78,273087.5,2279149.78,14,,CONCLUIDA
QI-T02-CMEM-00-V03-CTL-OI__TLS-0036-A00,Telecomunicaciones,Tramo II,88+430,88+430,Guanajuato,Salamanca,Salamanca,20.597755,-101.179318,20.597755,-101.179318,Telmex,Telecomunicaciones,Reubicacion por definir con operador.,Interferencia detectada entre linea de fibra optica de Telmex y trazo ferroviario,"Por definir, sujeto a ingenieria y autorizacion del operador.",SI,MEDIO,Ing. Luis Hernandez,20/02/2026,"Se reunen SE, Telmex, MEM, para identificacion de su Infraestructura",272863.32,2279151.34,272863.32,2279151.34,14,,CONCLUIDA
QI-T02-CMEM-00-V03-CTL-OI__TLS-0037-A00,Telecomunicaciones,Tramo II,88+440,88+440,Guanajuato,Salamanca,Salamanca,20.597755,-101.179318,20.597755,-101.179318,Telmex,Telecomunicaciones,Reubicacion por definir con operador.,Interferencia detectada entre linea de fibra optica de Telmex y trazo ferroviario,"Por definir, sujeto a ingenieria y autorizacion del operador.",NO,BAJO,Ing. Luis Hernandez,20/02/2026,"Se reunen SE, Telmex, MEM, para identificacion de su Infraestructura",272863.32,2279151.34,272863.32,2279151.34,14,,CONCLUIDA
QI-T02-CMEM-00-V03-CTL-OI__EAT-0012-A00,Alta Tension,Tramo II,88+600,88+600,Guanajuato,Salamanca,Salamanca,20.597693,-101.179973,20.597693,-101.179973,CFE,Linea electrica Alta Tension,Proteccion / reubicacion por definir con CFE.,Interferencia detectada entre linea de alta tension existente y el trazo ferroviario.,"Por definir, sujeto a ingenieria y autorizacion del operador.",NO,BAJO,Ing. Luis Hernandez,25/02/2026,Se entrega oficio a CFE para revision tecnica de la interferencia.,272794.94,2279145.39,272794.94,2279145.39,14,,CONCLUIDA
QI-T02-CMEM-00-V03-CTL-OI__TLA-0038-A00,Telecomunicaciones,Tramo II,88+620,88+620,Guanajuato,Salamanca,Salamanca,20.597893,-101.181225,20.597893,-101.181225,Telmex,Telecomunicaciones,Reubicacion por definir con operador.,Interferencia detectada entre linea de fibra optica de Telmex y trazo ferroviario,"Por definir, sujeto a ingenieria y autorizacion del operador.",SI,MEDIO,Ing. Luis Hernandez,20/02/2026,"Se reunen SE, Telmex, MEM, para identificacion de su Infraestructura",272664.7,2279169.28,272664.7,2279169.28,14,,CONCLUIDA
QI-T02-CMEM-00-V03-CTL-OI__TLS-0039-A00,Telecomunicaciones,Tramo II,88+655,88+655,Guanajuato,Salamanca,Salamanca,20.597967,-101.181502,20.597967,-101.181502,ALESTRA,Telecomunicaciones,Reubicacion por definir con operador.,Interferencia detectada entre linea de fibra optica de Alestra y trazo ferroviario,"Por definir, sujeto a ingenieria y autorizacion del operador.",SI,MEDIO,Ing. Luis Hernandez,03/03/2026,"Se reunen SE, Telmex, Axtel y MEM, para identificacion de su Infraestructura",272635.93,2279177.86,272635.93,2279177.86,14,,CONCLUIDA
QI-T02-CMEM-00-V03-CTL-OI__EMT-0044-A00,Media Tension,Tramo II,88+770,88+770,Guanajuato,Salamanca,Salamanca,20.59831,-101.182873,20.59831,-101.182873,CFE,Media Tension,Proteccion / reubicacion por definir con CFE.,Interferencia detectada entre linea de media tension existente y el trazo ferroviario.,"Por definir, sujeto a ingenieria y autorizacion del operador.",NO,BAJO,Ing. Luis Hernandez,04/02/2026,"Se realiza recorrido CFE, SE y MEM, para revision tecnica de la interferencia",272493.5,2279217.76,272493.5,2279217.76,14,,CONCLUIDA
QI-T02-CMEM-00-V03-CTL-OI__EMT-0045-A00,Media Tension,Tramo II,88+800,88+800,Guanajuato,Salamanca,Salamanca,20.598146,-101.182302,20.598146,-101.182302,CFE,Media Tension,Proteccion / reubicacion por definir con CFE.,Interferencia detectada entre linea de media tension existente y el trazo ferroviario.,"Por definir, sujeto a ingenieria y autorizacion del operador.",SI,MEDIO,Ing. Luis Hernandez,04/02/2026,"Se realiza recorrido CFE, SE y MEM, para revision tecnica de la interferencia",272552.78,2279198.8,272552.78,2279198.8,14,,CONCLUIDA
QI-T02-CMEM-00-V03-CTL-OI__RDR-0008-A00,Drenaje,Tramo II,88+800,88+800,Guanajuato,Salamanca,Salamanca,20.598289,-101.182754,20.598289,-101.182754,Municipio,Drenaje,Proteccion / reubicacion por definir con operador,Interferencia detectada entre linea de dreaje existente y trazo ferroviario,"Por definir, sujeto a ingenieria y autorizacion del operador.",NO,BAJO,Ing. Luis Hernandez,13/02/2026,"Se realiza recorrido para identificacion de su infraestructura, en proceso calas para revision tecnica",272505.87,2279215.27,272505.87,2279215.27,14,,CONCLUIDA
QI-T02-CMEM-00-V03-CTL-OI__TLS-0040-A00,Telecomunicaciones,Tramo II,89+100,101+200,Guanajuato,Salamanca,Salamanca,20.599141,-101.185384,20.651899,-101.285576,Telmex,Telecomunicaciones,Reubicacion por definir con operador.,Interferencia detectada entre linea de fibra optica de Telmex y trazo ferroviario,"Por definir, sujeto a ingenieria y autorizacion del operador.",NO,BAJO,Ing. Luis Hernandez,20/02/2026,"Se reunen SE, Telmex, MEM, para identificacion de su Infraestructura",272232.93,2279313.28,261868.66,2285298.89,14,,CONCLUIDA
QI-T02-CMEM-00-V03-CTL-OI__EAT-0013-A00,Alta Tension,Tramo II,89+400,89+400,Guanajuato,Salamanca,Salamanca,20.599911,-101.18822,20.599911,-101.18822,CFE,Linea electrica Alta Tension,Proteccion / reubicacion por definir con CFE.,Interferencia detectada entre linea de alta tension existente y el trazo ferroviario.,"Por definir, sujeto a ingenieria y autorizacion del operador.",NO,BAJO,Ing. Luis Hernandez,25/02/2026,Se entrega oficio a CFE para revision tecnica de la interferencia.,271938.39,2279402.52,271938.39,2279402.52,14,,CONCLUIDA
QI-T02-CMEM-00-V03-CTL-OI__SVD-0009-A00,Servicios municipales,Tramo II,89+700,89+700,Guanajuato,Salamanca,Salamanca,20.60061,-101.192646,20.60061,-101.192646,Municipio,Servicios municipales,Reubicacion,Interferencia detectada entre Camara de videovigilancia existente y el trazo ferroviario.,,SI,MEDIO,Ing. Luis Hernandez,,,271477.97,2279486.13,271477.97,2279486.13,14,,CONCLUIDA
QI-T02-CMEM-00-V03-CTL-OI__EAT-0014-A00,Alta Tension,Tramo II,89+760,89+760,Guanajuato,Salamanca,Salamanca,20.600326,-101.191274,20.600326,-101.191274,CFE,Linea electrica Alta Tension,Proteccion / reubicacion por definir con CFE.,Interferencia detectada entre linea de alta tension existente y el trazo ferroviario.,"Por definir, sujeto a ingenieria y autorizacion del operador.",NO,BAJO,Ing. Luis Hernandez,25/02/2026,Se entrega oficio a CFE para revision tecnica de la interferencia.,271620.6,2279452.75,271620.6,2279452.75,14,,CONCLUIDA
QI-T02-CMEM-00-V03-CTL-OI__EMT-0046-A00,Media Tension,Tramo II,90+100,90+100,Guanajuato,Salamanca,Salamanca,20.600993,-101.194936,20.600993,-101.194936,CFE,Media Tension,Proteccion / reubicacion por definir con CFE.,Interferencia detectada entre linea de media tension existente y el trazo ferroviario.,"Por definir, sujeto a ingenieria y autorizacion del operador.",NO,BAJO,Ing. Luis Hernandez,04/02/2026,"Se realiza recorrido CFE, SE y MEM, para revision tecnica de la interferencia",271239.79,2279531.76,271239.79,2279531.76,14,,CONCLUIDA
QI-T02-CMEM-00-V03-CTL-OI__TLS-0041-A00,Telecomunicaciones,Tramo II,90+440,90+440,Guanajuato,Salamanca,Salamanca,20.640787,-101.199195,20.640787,-101.199195,Telmex,Telecomunicaciones,Reubicacion por definir con operador.,Interferencia detectada entre linea de fibra optica de Telmex y trazo ferroviario,"Por definir, sujeto a ingenieria y autorizacion del operador.",NO,BAJO,Ing. Luis Hernandez,20/02/2026,"Se reunen SE, Telmex, MEM, para identificacion de su Infraestructura",270855.34,2283944.12,270855.34,2283944.12,14,,CONCLUIDA
QI-T02-CMEM-00-V03-CTL-OI__TLA-0042-A00,Telecomunicaciones,Tramo II,90+450,90+450,Guanajuato,Salamanca,Salamanca,20.646484,-101.199234,20.646484,-101.199234,Telmex,Telecomunicaciones,Reubicacion por definir con operador.,Interferencia detectada entre linea de fibra optica de Telmex y trazo ferroviario,"Por definir, sujeto a ingenieria y autorizacion del operador.",NO,BAJO,Ing. Luis Hernandez,20/02/2026,"Se reunen SE, Telmex, MEM, para identificacion de su Infraestructura",270859.81,2284575.01,270859.81,2284575.01,14,,CONCLUIDA
QI-T02-CMEM-00-V03-CTL-OI__EMT-0047-A00,Media Tension,Tramo II,90+570,90+570,Guanajuato,Salamanca,Salamanca,20.645228,-101.273734,20.645228,-101.273734,CFE,Media Tension,Proteccion / reubicacion por definir con CFE.,Interferencia detectada entre linea de media tension existente y el trazo ferroviario.,"Por definir, sujeto a ingenieria y autorizacion del operador.",NO,BAJO,Ing. Luis Hernandez,04/02/2026,"Se realiza recorrido CFE, SE y MEM, para revision tecnica de la interferencia",263092.61,2284542.86,263092.61,2284542.86,14,,CONCLUIDA
QI-T02-CMEM-00-V03-CTL-OI__EMT-0048-A00,Media Tension,Tramo II,91+760,91+760,Guanajuato,Salamanca,Salamanca,20.604892,-101.210395,20.604892,-101.210395,CFE,Media Tension,Proteccion / reubicacion por definir con CFE.,Interferencia detectada entre linea de media tension existente y el trazo ferroviario.,"Por definir, sujeto a ingenieria y autorizacion del operador.",NO,BAJO,Ing. Luis Hernandez,04/02/2026,"Se realiza recorrido CFE, SE y MEM, para revision tecnica de la interferencia",269633.88,2279985.3,269633.88,2279985.3,14,,CONCLUIDA
QI-T02-CMEM-00-V03-CTL-OI__TLA-0043-A00,Telecomunicaciones,Tramo II,93+250,93+250,Guanajuato,Salamanca,Salamanca,20.612235,-101.221752,20.612235,-101.221752,MEGACABLE,Telecomunicaciones,Reubicacion por definir con operador.,Interferencia detectada entre linea de fibra optica de Megacable y trazo ferroviario,"Por definir, sujeto a ingenieria y autorizacion del operador.",NO,BAJO,Ing. Luis Hernandez,,,268460.92,2280814.53,268460.92,2280814.53,14,,CONCLUIDA
QI-T02-CMEM-00-V03-CTL-OI__EMT-0049-A00,Media Tension,Tramo II,93+670,93+670,Guanajuato,Salamanca,Salamanca,20.614432,-101.225216,20.614432,-101.225216,CFE,Media Tension,Proteccion / reubicacion por definir con CFE.,Interferencia detectada entre linea de media tension existente y el trazo ferroviario.,"Por definir, sujeto a ingenieria y autorizacion del operador.",NO,BAJO,Ing. Luis Hernandez,04/02/2026,"Se realiza recorrido CFE, SE y MEM, para revision tecnica de la interferencia",268103.11,2281062.74,268103.11,2281062.74,14,,CONCLUIDA
QI-T02-CMEM-00-V03-CTL-OI__GAS-0015-A00,Gasoducto,Tramo II,94+950,94+950,Guanajuato,Salamanca,Salamanca,20.620959,-101.235414,20.620959,-101.235414,GNP,Gasoducto,Proteccion por definir con Gas Natural Potosino,Interferencia detectada entre linea de gasoducto existente y trazo ferroviario,"Por definir, sujeto a ingenieria y autorizacion del operador.",SI,ALTO,Ing. Luis Hernandez,02/03/2026,Se envia carta de responsabilidad civil solicitada por el operador para programacion de cala de exploracion,267049.87,2281800.06,267049.87,2281800.06,14,,CONCLUIDA
QI-T02-CMEM-00-V03-CTL-OI__EMT-0050-A00,Media Tension,Tramo II,96+410,96+410,Guanajuato,Salamanca,Salamanca,20.628412,-101.247002,20.628412,-101.247002,CFE,Media Tension,Proteccion / reubicacion por definir con CFE.,Interferencia detectada entre linea de media tension existente y el trazo ferroviario.,"Por definir, sujeto a ingenieria y autorizacion del operador.",NO,BAJO,Ing. Luis Hernandez,04/02/2026,"Se realiza recorrido CFE, SE y MEM, para revision tecnica de la interferencia",265853.24,2282642,265853.24,2282642,14,,CONCLUIDA
QI-T02-CMEM-00-V03-CTL-OI__EMT-0051-A00,Media Tension,Tramo II,97+120,97+120,Guanajuato,Salamanca,Salamanca,20.632017,-101.252599,20.632017,-101.252599,CFE,Media Tension,Proteccion / reubicacion por definir con CFE.,Interferencia detectada entre linea de media tension existente y el trazo ferroviario.,"Por definir, sujeto a ingenieria y autorizacion del operador.",NO,BAJO,Ing. Luis Hernandez,04/02/2026,"Se realiza recorrido CFE, SE y MEM, para revision tecnica de la interferencia",265275.31,2283049.27,265275.31,2283049.27,14,,CONCLUIDA
QI-T02-CMEM-00-V03-CTL-OI__EMT-0052-A00,Media Tension,Tramo II,99+000,99+000,Guanajuato,Irapuato,Irapuato,20.641404,-101.267602,20.641404,-101.267602,CFE,Media Tension,Proteccion / reubicacion por definir con CFE.,Interferencia detectada entre linea de media tension existente y el trazo ferroviario.,"Por definir, sujeto a ingenieria y autorizacion del operador.",NO,BAJO,Ing. Luis Hernandez,04/02/2026,"Se realiza recorrido CFE, SE y MEM, para revision tecnica de la interferencia",263725.87,2284110.47,263725.87,2284110.47,14,,CONCLUIDA
QI-T02-CMEM-00-V03-CTL-OI__HCA-0003-A00,Hidrocarburo,Tramo II,99+420,99+420,Guanajuato,Irapuato,Irapuato,20.643918,,20.643918,,PEMEX,Hidrocarburo,Proteccion por definir con PEMEX,Interferencia detectada entre linea de hidrocarburo de PEMEX y trazo ferroviario,"Por definir, sujeto a ingenieria y autorizacion del operador.",NO,MEDIO,Ing. Luis Hernandez,25/11/2026,Se envia oficio a PEMEX para revision tecnica de la interferencia,,,,,,,CONCLUIDA
QI-T02-CMEM-00-V03-CTL-OI__HCA-0004-A00,Hidrocarburo,Tramo II,99+640,99+640,Guanajuato,Irapuato,Irapuato,20.644627,-101.273136,20.644627,-101.273136,PEMEX,Hidrocarburo,Proteccion por definir con PEMEX,Interferencia detectada entre linea de hidrocarburo de PEMEX y trazo ferroviario,"Por definir, sujeto a ingenieria y autorizacion del operador.",NO,MEDIO,Ing. Luis Hernandez,25/11/2026,Se envia oficio a PEMEX para revision tecnica de la interferencia,263154.01,2284475.43,263154.01,2284475.43,14,,CONCLUIDA
QI-T02-CMEM-00-V03-CTL-OI__EMT-0053-A00,Media Tension,Tramo II,99+750,99+750,Guanajuato,Irapuato,Irapuato,20.645228,-101.273734,20.645228,-101.273734,CFE,Media Tension,Proteccion / reubicacion por definir con CFE.,Interferencia detectada entre linea de media tension existente y el trazo ferroviario.,"Por definir, sujeto a ingenieria y autorizacion del operador.",NO,BAJO,Ing. Luis Hernandez,04/02/2026,"Se realiza recorrido CFE, SE y MEM, para revision tecnica de la interferencia",263092.61,2284542.86,263092.61,2284542.86,14,,CONCLUIDA
QI-T02-CMEM-00-V03-CTL-OI__EMT-0054-A00,Media Tension,Tramo II,101+320,101+320,Guanajuato,Irapuato,Irapuato,20.652328,-101.286702,20.652328,-101.286702,CFE,Media Tension,Proteccion / reubicacion por definir con CFE.,Interferencia detectada entre linea de media tension existente y el trazo ferroviario.,"Por definir, sujeto a ingenieria y autorizacion del operador.",SI,MEDIO,Ing. Luis Hernandez,04/02/2026,"Se realiza recorrido CFE, SE y MEM, para revision tecnica de la interferencia",261751.97,2285348.05,261751.97,2285348.05,14,,CONCLUIDA
QI-T02-CMEM-00-V03-CTL-OI__EMT-0055-A00,Media Tension,Tramo II,101+600,101+600,Guanajuato,Irapuato,Irapuato,20.652754,-101.289235,20.652754,-101.289235,CFE,Media Tension,Proteccion / reubicacion por definir con CFE.,Interferencia detectada entre linea de media tension existente y el trazo ferroviario.,"Por definir, sujeto a ingenieria y autorizacion del operador.",NO,BAJO,Ing. Luis Hernandez,04/02/2026,"Se realiza recorrido CFE, SE y MEM, para revision tecnica de la interferencia",261488.61,2285398.94,261488.61,2285398.94,14,,CONCLUIDA
QI-T02-CMEM-00-V03-CTL-OI__EMT-0056-A00,Media Tension,Tramo II,102+270,102+270,Guanajuato,Irapuato,Irapuato,20.651098,-101.295463,20.651098,-101.295463,CFE,Media Tension,Proteccion / reubicacion por definir con CFE.,Interferencia detectada entre linea de media tension existente y el trazo ferroviario.,"Por definir, sujeto a ingenieria y autorizacion del operador.",NO,BAJO,Ing. Luis Hernandez,04/02/2026,"Se realiza recorrido CFE, SE y MEM, para revision tecnica de la interferencia",260836.88,2285224.73,260836.88,2285224.73,14,,CONCLUIDA
QI-T02-CMEM-00-V03-CTL-OI__EMT-0057-A00,Media Tension,Tramo II,102+310,102+310,Guanajuato,Irapuato,Irapuato,20.650931,-101.295716,20.650931,-101.295716,CFE,Media Tension,Proteccion / reubicacion por definir con CFE.,Interferencia detectada entre linea de media tension existente y el trazo ferroviario.,"Por definir, sujeto a ingenieria y autorizacion del operador.",SI,MEDIO,Ing. Luis Hernandez,04/02/2026,"Se realiza recorrido CFE, SE y MEM, para revision tecnica de la interferencia",260810.24,2285206.61,260810.24,2285206.61,14,,CONCLUIDA
QI-T02-CMEM-00-V03-CTL-OI__EMT-0058-A00,Media Tension,Tramo II,103+560,104+040,Guanajuato,Irapuato,Irapuato,20.648098,-101.306445,20.650542,-101.310561,CFE,Media Tension,Proteccion / reubicacion por definir con CFE.,Interferencia detectada entre linea de media tension existente y el trazo ferroviario.,"Por definir, sujeto a ingenieria y autorizacion del operador.",SI,MEDIO,Ing. Luis Hernandez,04/02/2026,"Se realiza recorrido CFE, SE y MEM, para revision tecnica de la interferencia",259687.48,2284908.74,259262.3,2285185.48,14,,CONCLUIDA
QI-T02-CMEM-00-V03-CTL-OI__TLA-0044-A00,Telecomunicaciones,Tramo II,104+450,104+450,Guanajuato,Salamanca,Salamanca,20.652816,-101.314005,20.652816,-101.314005,Telmex,Telecomunicaciones,Reubicacion por definir con operador.,Interferencia detectada entre linea de fibra optica de Telmex y trazo ferroviario,"Por definir, sujeto a ingenieria y autorizacion del operador.",NO,BAJO,Ing. Luis Hernandez,20/02/2026,"Se reunen SE, Telmex, MEM, para identificacion de su Infraestructura",258906.91,2285442.41,258906.91,2285442.41,14,,CONCLUIDA
QI-T02-CMEM-00-V03-CTL-OI__TLS-0045-A00,Telecomunicaciones,Tramo II,104+500,107+000,Guanajuato,Salamanca,Salamanca,20.653126,-101.314497,20.665984,-101.33519,Bestel,Telecomunicaciones,Reubicacion por definir con operador.,Interferencia detectada entre linea de fibra optica de Bestel y trazo ferroviario,"Por definir, sujeto a ingenieria y autorizacion del operador.",NO,BAJO,Ing. Luis Hernandez,29/01/2026,"Se reunen SE, Bestel y MEM, para identificacion de su Infraestructura",258856.12,2285477.47,256719.74,2286932.22,14,,CONCLUIDA
QI-T02-CMEM-00-V03-CTL-OI__EMT-0059-A00,Media Tension,Tramo II,105+490,105+490,Guanajuato,Irapuato,Irapuato,20.658135,-101.322839,20.658135,-101.322839,CFE,Media Tension,Proteccion / reubicacion por definir con CFE.,Interferencia detectada entre linea de media tension existente y el trazo ferroviario.,"Por definir, sujeto a ingenieria y autorizacion del operador.",NO,BAJO,Ing. Luis Hernandez,04/02/2026,"Se realiza recorrido CFE, SE y MEM, para revision tecnica de la interferencia",257994.56,2286044.57,257994.56,2286044.57,14,,CONCLUIDA
QI-T02-CMEM-00-V03-CTL-OI__EMT-0060-A00,Media Tension,Tramo II,105+860,105+860,Guanajuato,Irapuato,Irapuato,20.659666,-101.325219,20.659666,-101.325219,CFE,Media Tension,Proteccion / reubicacion por definir con CFE.,Interferencia detectada entre linea de media tension existente y el trazo ferroviario.,"Por definir, sujeto a ingenieria y autorizacion del operador.",NO,BAJO,Ing. Luis Hernandez,04/02/2026,"Se realiza recorrido CFE, SE y MEM, para revision tecnica de la interferencia",257748.92,2286217.66,257748.92,2286217.66,14,,CONCLUIDA
QI-T02-CMEM-00-V03-CTL-OI__EMT-0061-A00,Media Tension,Tramo II,106+360,106+360,Guanajuato,Irapuato,Irapuato,20.661937,-101.329625,20.661937,-101.329625,CFE,Media Tension,Proteccion / reubicacion por definir con CFE.,Interferencia detectada entre linea de media tension existente y el trazo ferroviario.,"Por definir, sujeto a ingenieria y autorizacion del operador.",SI,MEDIO,Ing. Luis Hernandez,04/02/2026,"Se realiza recorrido CFE, SE y MEM, para revision tecnica de la interferencia",257293.31,2286475.73,257293.31,2286475.73,14,,CONCLUIDA
QI-T02-CMEM-00-V03-CTL-OI__EMT-0062-A00,Media Tension,Tramo II,106+880,106+880,Guanajuato,Irapuato,Irapuato,20.664816,-101.333879,20.664816,-101.333879,CFE,Media Tension,Proteccion / reubicacion por definir con CFE.,Interferencia detectada entre linea de media tension existente y el trazo ferroviario.,"Por definir, sujeto a ingenieria y autorizacion del operador.",SI,MEDIO,Ing. Luis Hernandez,04/02/2026,"Se realiza recorrido CFE, SE y MEM, para revision tecnica de la interferencia",256854.51,2286800.91,256854.51,2286800.91,14,,CONCLUIDA
QI-T02-CMEM-00-V03-CTL-OI__EMT-0063-A00,Media Tension,Tramo II,107+220,107+220,Guanajuato,Irapuato,Irapuato,20.66671,-101.335794,20.66671,-101.335794,CFE,Media Tension,Proteccion / reubicacion por definir con CFE.,Interferencia detectada entre linea de media tension existente y el trazo ferroviario.,"Por definir, sujeto a ingenieria y autorizacion del operador.",NO,BAJO,Ing. Luis Hernandez,04/02/2026,"Se realiza recorrido CFE, SE y MEM, para revision tecnica de la interferencia",256657.94,2287013.52,256657.94,2287013.52,14,,CONCLUIDA
QI-T02-CMEM-00-V03-CTL-OI__INAH-0063-A00,Inah,Tramo II,107+620,107+220,Guanajuato,Irapuato,Irapuato,20.66671,-101.335794,20.66671,-101.335794,INAH,Inah,Proteccion / reubicacion por definir con INAH,Interferencia detectada entre linea de media tension existente y el trazo ferroviario.,"Por definir, sujeto a ingenieria y autorizacion del operador.",NO,BAJO,Ing. Luis Hernandez,04/02/2026,"Se realiza recorrido CFE, SE y MEM, para revision tecnica de la interferencia",256657.94,2287013.52,256657.94,2287013.52,14,,CONCLUIDA
